model,model_display_name,method,period,lead_time_hours,variable,unit,rmse,acc,n_initializations
spheredyn_v9,SphereDyn-v9 (seed 44),raw,2018-2019,24,z50,m^2 s^-2,184.54654183606203,0.9870552573973994,730
spheredyn_v9,SphereDyn-v9 (seed 44),raw,2018-2019,24,z100,m^2 s^-2,183.64469187601915,0.9812643431740466,730
spheredyn_v9,SphereDyn-v9 (seed 44),raw,2018-2019,24,z200,m^2 s^-2,225.01162920027903,0.9770475429229273,730
spheredyn_v9,SphereDyn-v9 (seed 44),raw,2018-2019,24,z300,m^2 s^-2,236.9042835637372,0.9757628812448258,730
spheredyn_v9,SphereDyn-v9 (seed 44),raw,2018-2019,24,z500,m^2 s^-2,181.89298053449616,0.9734691085640531,730
spheredyn_v9,SphereDyn-v9 (seed 44),raw,2018-2019,24,z700,m^2 s^-2,150.99469449158903,0.9685845774227836,730
spheredyn_v9,SphereDyn-v9 (seed 44),raw,2018-2019,24,z850,m^2 s^-2,144.14667475099841,0.9636017746981806,730
spheredyn_v9,SphereDyn-v9 (seed 44),raw,2018-2019,24,z925,m^2 s^-2,145.6372946675553,0.9620250821703652,730
spheredyn_v9,SphereDyn-v9 (seed 44),raw,2018-2019,24,z1000,m^2 s^-2,149.52273760500339,0.9612407312223556,730
spheredyn_v9,SphereDyn-v9 (seed 44),raw,2018-2019,24,q50,kg kg^-1,4.97462322923879e-08,0.9223793061688924,730
spheredyn_v9,SphereDyn-v9 (seed 44),raw,2018-2019,24,q100,kg kg^-1,1.885713141905048e-07,0.8669589244567143,730
spheredyn_v9,SphereDyn-v9 (seed 44),raw,2018-2019,24,q200,kg kg^-1,7.971519235345325e-06,0.8167975054018324,730
spheredyn_v9,SphereDyn-v9 (seed 44),raw,2018-2019,24,q300,kg kg^-1,6.29772831423638e-05,0.8570292738594857,730
spheredyn_v9,SphereDyn-v9 (seed 44),raw,2018-2019,24,q500,kg kg^-1,0.00035963592598259146,0.8852911287601484,730
spheredyn_v9,SphereDyn-v9 (seed 44),raw,2018-2019,24,q700,kg kg^-1,0.0006877716785279076,0.8846933667778405,730
spheredyn_v9,SphereDyn-v9 (seed 44),raw,2018-2019,24,q850,kg kg^-1,0.0008472907861862474,0.863684300509991,730
spheredyn_v9,SphereDyn-v9 (seed 44),raw,2018-2019,24,q925,kg kg^-1,0.0006851609879727224,0.8688264155100358,730
spheredyn_v9,SphereDyn-v9 (seed 44),raw,2018-2019,24,q1000,kg kg^-1,0.0005614343468697299,0.9184746433532183,730
spheredyn_v9,SphereDyn-v9 (seed 44),raw,2018-2019,24,t50,K,0.8558549731290748,0.9681593648810448,730
spheredyn_v9,SphereDyn-v9 (seed 44),raw,2018-2019,24,t100,K,0.9626909729650259,0.9540825301199367,730
spheredyn_v9,SphereDyn-v9 (seed 44),raw,2018-2019,24,t200,K,1.1477952591996214,0.9450052376853592,730
spheredyn_v9,SphereDyn-v9 (seed 44),raw,2018-2019,24,t300,K,0.9926633394740135,0.9144735879692545,730
spheredyn_v9,SphereDyn-v9 (seed 44),raw,2018-2019,24,t500,K,0.9675472014016092,0.9463754184340204,730
spheredyn_v9,SphereDyn-v9 (seed 44),raw,2018-2019,24,t700,K,0.9808802245443462,0.946720383712841,730
spheredyn_v9,SphereDyn-v9 (seed 44),raw,2018-2019,24,t850,K,1.1100475010635042,0.9410606185941203,730
spheredyn_v9,SphereDyn-v9 (seed 44),raw,2018-2019,24,t925,K,1.0907331395094917,0.9330331789446222,730
spheredyn_v9,SphereDyn-v9 (seed 44),raw,2018-2019,24,t1000,K,1.0319797376150772,0.9222510077788221,730
spheredyn_v9,SphereDyn-v9 (seed 44),raw,2018-2019,24,u50,m s^-1,1.8578227776661815,0.9709779644146983,730
spheredyn_v9,SphereDyn-v9 (seed 44),raw,2018-2019,24,u100,m s^-1,2.452753312620526,0.939874443555204,730
spheredyn_v9,SphereDyn-v9 (seed 44),raw,2018-2019,24,u200,m s^-1,3.8178931979835924,0.9414393830674607,730
spheredyn_v9,SphereDyn-v9 (seed 44),raw,2018-2019,24,u300,m s^-1,4.112271699319425,0.9339018150631678,730
spheredyn_v9,SphereDyn-v9 (seed 44),raw,2018-2019,24,u500,m s^-1,2.8019381512636876,0.9355041543502604,730
spheredyn_v9,SphereDyn-v9 (seed 44),raw,2018-2019,24,u700,m s^-1,2.181096095021017,0.9331913403854964,730
spheredyn_v9,SphereDyn-v9 (seed 44),raw,2018-2019,24,u850,m s^-1,1.994057029658981,0.9268255103557613,730
spheredyn_v9,SphereDyn-v9 (seed 44),raw,2018-2019,24,u925,m s^-1,1.9026135912873445,0.9287332018630313,730
spheredyn_v9,SphereDyn-v9 (seed 44),raw,2018-2019,24,u1000,m s^-1,1.4890401669676079,0.9290947755599435,730
spheredyn_v9,SphereDyn-v9 (seed 44),raw,2018-2019,24,v50,m s^-1,1.5718137812538502,0.9431183428193736,730
spheredyn_v9,SphereDyn-v9 (seed 44),raw,2018-2019,24,v100,m s^-1,2.319261225745009,0.9291218825869746,730
spheredyn_v9,SphereDyn-v9 (seed 44),raw,2018-2019,24,v200,m s^-1,3.7431645778138147,0.9393575769895981,730
spheredyn_v9,SphereDyn-v9 (seed 44),raw,2018-2019,24,v300,m s^-1,3.9765772154623775,0.9351873506608528,730
spheredyn_v9,SphereDyn-v9 (seed 44),raw,2018-2019,24,v500,m s^-1,2.665477281669063,0.9353703343875822,730
spheredyn_v9,SphereDyn-v9 (seed 44),raw,2018-2019,24,v700,m s^-1,2.0681120303335288,0.9292962155421619,730
spheredyn_v9,SphereDyn-v9 (seed 44),raw,2018-2019,24,v850,m s^-1,1.9225553529978352,0.9203973346114552,730
spheredyn_v9,SphereDyn-v9 (seed 44),raw,2018-2019,24,v925,m s^-1,1.8736405914987921,0.9268096749495709,730
spheredyn_v9,SphereDyn-v9 (seed 44),raw,2018-2019,24,v1000,m s^-1,1.4854329012324714,0.9297864097053474,730
spheredyn_v9,SphereDyn-v9 (seed 44),raw,2018-2019,24,u10,m s^-1,1.3392108009809425,0.9273918151164313,730
spheredyn_v9,SphereDyn-v9 (seed 44),raw,2018-2019,24,v10,m s^-1,1.325075409508953,0.9274632453601772,730
spheredyn_v9,SphereDyn-v9 (seed 44),raw,2018-2019,24,t2m,K,0.9884490167996614,0.9200426515753214,730
spheredyn_v9,SphereDyn-v9 (seed 44),raw,2018-2019,24,mslp,Pa,190.62416267641163,0.960641941073391,730
spheredyn_v9,SphereDyn-v9 (seed 44),raw,2018-2019,72,z50,m^2 s^-2,498.4311436340524,0.9012711033550435,730
spheredyn_v9,SphereDyn-v9 (seed 44),raw,2018-2019,72,z100,m^2 s^-2,461.8511666070775,0.8746263560522517,730
spheredyn_v9,SphereDyn-v9 (seed 44),raw,2018-2019,72,z200,m^2 s^-2,575.7229896292758,0.8380238450527957,730
spheredyn_v9,SphereDyn-v9 (seed 44),raw,2018-2019,72,z300,m^2 s^-2,620.4691344028124,0.8190779276707427,730
spheredyn_v9,SphereDyn-v9 (seed 44),raw,2018-2019,72,z500,m^2 s^-2,463.9647747523992,0.811768300000826,730
spheredyn_v9,SphereDyn-v9 (seed 44),raw,2018-2019,72,z700,m^2 s^-2,369.59188572938587,0.7931819345193243,730
spheredyn_v9,SphereDyn-v9 (seed 44),raw,2018-2019,72,z850,m^2 s^-2,345.63734493454115,0.7673303160116195,730
spheredyn_v9,SphereDyn-v9 (seed 44),raw,2018-2019,72,z925,m^2 s^-2,348.1262659527903,0.757594630892923,730
spheredyn_v9,SphereDyn-v9 (seed 44),raw,2018-2019,72,z1000,m^2 s^-2,357.6024110157787,0.7515946991655408,730
spheredyn_v9,SphereDyn-v9 (seed 44),raw,2018-2019,72,q50,kg kg^-1,8.081192329061647e-08,0.7791620392250991,730
spheredyn_v9,SphereDyn-v9 (seed 44),raw,2018-2019,72,q100,kg kg^-1,2.883766591546262e-07,0.647949932592592,730
spheredyn_v9,SphereDyn-v9 (seed 44),raw,2018-2019,72,q200,kg kg^-1,1.1254592357675995e-05,0.5807634028935162,730
spheredyn_v9,SphereDyn-v9 (seed 44),raw,2018-2019,72,q300,kg kg^-1,9.830691244835964e-05,0.5941468134016767,730
spheredyn_v9,SphereDyn-v9 (seed 44),raw,2018-2019,72,q500,kg kg^-1,0.000597925707440193,0.6338655020410832,730
spheredyn_v9,SphereDyn-v9 (seed 44),raw,2018-2019,72,q700,kg kg^-1,0.0011546833282223752,0.6219976552007229,730
spheredyn_v9,SphereDyn-v9 (seed 44),raw,2018-2019,72,q850,kg kg^-1,0.0013807773668814054,0.5701282217351664,730
spheredyn_v9,SphereDyn-v9 (seed 44),raw,2018-2019,72,q925,kg kg^-1,0.0010879887824426255,0.6194882356330944,730
spheredyn_v9,SphereDyn-v9 (seed 44),raw,2018-2019,72,q1000,kg kg^-1,0.0010161337932567942,0.6988074896621019,730
spheredyn_v9,SphereDyn-v9 (seed 44),raw,2018-2019,72,t50,K,1.7351484275342688,0.8614951754903853,730
spheredyn_v9,SphereDyn-v9 (seed 44),raw,2018-2019,72,t100,K,1.821749182020642,0.8236364669551849,730
spheredyn_v9,SphereDyn-v9 (seed 44),raw,2018-2019,72,t200,K,2.417309706676536,0.7248744634516878,730
spheredyn_v9,SphereDyn-v9 (seed 44),raw,2018-2019,72,t300,K,1.741213491934701,0.7048047025178179,730
spheredyn_v9,SphereDyn-v9 (seed 44),raw,2018-2019,72,t500,K,1.9958235787070109,0.7445669700170942,730
spheredyn_v9,SphereDyn-v9 (seed 44),raw,2018-2019,72,t700,K,2.00328378737495,0.7527934003209472,730
spheredyn_v9,SphereDyn-v9 (seed 44),raw,2018-2019,72,t850,K,2.188185617683175,0.7450162029864799,730
spheredyn_v9,SphereDyn-v9 (seed 44),raw,2018-2019,72,t925,K,2.1035222777524183,0.7200876970290295,730
spheredyn_v9,SphereDyn-v9 (seed 44),raw,2018-2019,72,t1000,K,1.883124049624361,0.7091225257551838,730
spheredyn_v9,SphereDyn-v9 (seed 44),raw,2018-2019,72,u50,m s^-1,3.6682709982934445,0.8814851782079612,730
spheredyn_v9,SphereDyn-v9 (seed 44),raw,2018-2019,72,u100,m s^-1,4.522552974436916,0.7767367766290012,730
spheredyn_v9,SphereDyn-v9 (seed 44),raw,2018-2019,72,u200,m s^-1,7.286934392438746,0.7653223493193799,730
spheredyn_v9,SphereDyn-v9 (seed 44),raw,2018-2019,72,u300,m s^-1,7.812337810013788,0.7336372330548205,730
spheredyn_v9,SphereDyn-v9 (seed 44),raw,2018-2019,72,u500,m s^-1,5.411616557891764,0.7306218536521096,730
spheredyn_v9,SphereDyn-v9 (seed 44),raw,2018-2019,72,u700,m s^-1,4.261329357909104,0.7118376587951245,730
spheredyn_v9,SphereDyn-v9 (seed 44),raw,2018-2019,72,u850,m s^-1,3.9251401245996984,0.6735238149085949,730
spheredyn_v9,SphereDyn-v9 (seed 44),raw,2018-2019,72,u925,m s^-1,3.8556768651933115,0.6597534851627398,730
spheredyn_v9,SphereDyn-v9 (seed 44),raw,2018-2019,72,u1000,m s^-1,3.0150356458972283,0.6626438452816829,730
spheredyn_v9,SphereDyn-v9 (seed 44),raw,2018-2019,72,v50,m s^-1,3.000247393492936,0.7723538718628391,730
spheredyn_v9,SphereDyn-v9 (seed 44),raw,2018-2019,72,v100,m s^-1,4.178990866484391,0.7454349248652083,730
spheredyn_v9,SphereDyn-v9 (seed 44),raw,2018-2019,72,v200,m s^-1,7.443599263477489,0.7311298764067792,730
spheredyn_v9,SphereDyn-v9 (seed 44),raw,2018-2019,72,v300,m s^-1,7.996831140575215,0.7015533251091686,730
spheredyn_v9,SphereDyn-v9 (seed 44),raw,2018-2019,72,v500,m s^-1,5.354694257922142,0.7034901491247034,730
spheredyn_v9,SphereDyn-v9 (seed 44),raw,2018-2019,72,v700,m s^-1,4.101505764543336,0.6803315618580129,730
spheredyn_v9,SphereDyn-v9 (seed 44),raw,2018-2019,72,v850,m s^-1,3.7716661105355094,0.6411510421300002,730
spheredyn_v9,SphereDyn-v9 (seed 44),raw,2018-2019,72,v925,m s^-1,3.815796296754913,0.6438254379587872,730
spheredyn_v9,SphereDyn-v9 (seed 44),raw,2018-2019,72,v1000,m s^-1,3.0448116771089015,0.656016513444521,730
spheredyn_v9,SphereDyn-v9 (seed 44),raw,2018-2019,72,u10,m s^-1,2.695481653560996,0.6578992770632464,730
spheredyn_v9,SphereDyn-v9 (seed 44),raw,2018-2019,72,v10,m s^-1,2.697838936609356,0.6481667627444144,730
spheredyn_v9,SphereDyn-v9 (seed 44),raw,2018-2019,72,t2m,K,1.7714562738633757,0.7136367438525006,730
spheredyn_v9,SphereDyn-v9 (seed 44),raw,2018-2019,72,mslp,Pa,453.78867645036263,0.7499851691806981,730
spheredyn_v9,SphereDyn-v9 (seed 44),raw,2018-2019,120,z50,m^2 s^-2,656.9103871067836,0.8208496846374956,730
spheredyn_v9,SphereDyn-v9 (seed 44),raw,2018-2019,120,z100,m^2 s^-2,603.6419500615774,0.7738828663196528,730
spheredyn_v9,SphereDyn-v9 (seed 44),raw,2018-2019,120,z200,m^2 s^-2,753.9730469184241,0.7002385304976849,730
spheredyn_v9,SphereDyn-v9 (seed 44),raw,2018-2019,120,z300,m^2 s^-2,805.1547030791107,0.6685439935916273,730
spheredyn_v9,SphereDyn-v9 (seed 44),raw,2018-2019,120,z500,m^2 s^-2,597.0215724609395,0.6606537457984981,730
spheredyn_v9,SphereDyn-v9 (seed 44),raw,2018-2019,120,z700,m^2 s^-2,465.7194246562413,0.6425380576033805,730
spheredyn_v9,SphereDyn-v9 (seed 44),raw,2018-2019,120,z850,m^2 s^-2,426.76687073177925,0.6129059012572136,730
spheredyn_v9,SphereDyn-v9 (seed 44),raw,2018-2019,120,z925,m^2 s^-2,427.7494224514327,0.5996844408529505,730
spheredyn_v9,SphereDyn-v9 (seed 44),raw,2018-2019,120,z1000,m^2 s^-2,438.5252767927182,0.5907891318222519,730
spheredyn_v9,SphereDyn-v9 (seed 44),raw,2018-2019,120,q50,kg kg^-1,8.883498198123198e-08,0.7251237032634129,730
spheredyn_v9,SphereDyn-v9 (seed 44),raw,2018-2019,120,q100,kg kg^-1,3.166698233631529e-07,0.5492402588582971,730
spheredyn_v9,SphereDyn-v9 (seed 44),raw,2018-2019,120,q200,kg kg^-1,1.2102124964982845e-05,0.4842805393421883,730
spheredyn_v9,SphereDyn-v9 (seed 44),raw,2018-2019,120,q300,kg kg^-1,0.00010724179651917366,0.4804605334218701,730
spheredyn_v9,SphereDyn-v9 (seed 44),raw,2018-2019,120,q500,kg kg^-1,0.0006659072856299881,0.5087139312443175,730
spheredyn_v9,SphereDyn-v9 (seed 44),raw,2018-2019,120,q700,kg kg^-1,0.0012904184736681223,0.4846128956900825,730
spheredyn_v9,SphereDyn-v9 (seed 44),raw,2018-2019,120,q850,kg kg^-1,0.0015165896593018007,0.43457390593119766,730
spheredyn_v9,SphereDyn-v9 (seed 44),raw,2018-2019,120,q925,kg kg^-1,0.0012275636416103298,0.47048739482090035,730
spheredyn_v9,SphereDyn-v9 (seed 44),raw,2018-2019,120,q1000,kg kg^-1,0.001205008040861863,0.5350283706703046,730
spheredyn_v9,SphereDyn-v9 (seed 44),raw,2018-2019,120,t50,K,2.1295701460067225,0.7820203600153188,730
spheredyn_v9,SphereDyn-v9 (seed 44),raw,2018-2019,120,t100,K,2.2399495507784923,0.7169306812235544,730
spheredyn_v9,SphereDyn-v9 (seed 44),raw,2018-2019,120,t200,K,2.8371251582029897,0.5893040080345099,730
spheredyn_v9,SphereDyn-v9 (seed 44),raw,2018-2019,120,t300,K,1.9991481124524688,0.5819998721762517,730
spheredyn_v9,SphereDyn-v9 (seed 44),raw,2018-2019,120,t500,K,2.4174759756012785,0.5900932599863267,730
spheredyn_v9,SphereDyn-v9 (seed 44),raw,2018-2019,120,t700,K,2.4526941702461977,0.594247036914394,730
spheredyn_v9,SphereDyn-v9 (seed 44),raw,2018-2019,120,t850,K,2.667418975181342,0.5845059451225793,730
spheredyn_v9,SphereDyn-v9 (seed 44),raw,2018-2019,120,t925,K,2.518496698263062,0.5603306530799408,730
spheredyn_v9,SphereDyn-v9 (seed 44),raw,2018-2019,120,t1000,K,2.228625682167561,0.5569595712722761,730
spheredyn_v9,SphereDyn-v9 (seed 44),raw,2018-2019,120,u50,m s^-1,4.380956428914955,0.8257968186414306,730
spheredyn_v9,SphereDyn-v9 (seed 44),raw,2018-2019,120,u100,m s^-1,5.379745356409853,0.6630314157238729,730
spheredyn_v9,SphereDyn-v9 (seed 44),raw,2018-2019,120,u200,m s^-1,8.76053579040666,0.6342907943451968,730
spheredyn_v9,SphereDyn-v9 (seed 44),raw,2018-2019,120,u300,m s^-1,9.285728933812914,0.5910181624880099,730
spheredyn_v9,SphereDyn-v9 (seed 44),raw,2018-2019,120,u500,m s^-1,6.454846046526979,0.5818373697625195,730
spheredyn_v9,SphereDyn-v9 (seed 44),raw,2018-2019,120,u700,m s^-1,5.036227117638276,0.5597057249268627,730
spheredyn_v9,SphereDyn-v9 (seed 44),raw,2018-2019,120,u850,m s^-1,4.563498284894208,0.5149171180720188,730
spheredyn_v9,SphereDyn-v9 (seed 44),raw,2018-2019,120,u925,m s^-1,4.4728359071366395,0.4949081411852162,730
spheredyn_v9,SphereDyn-v9 (seed 44),raw,2018-2019,120,u1000,m s^-1,3.5051252610816115,0.4965813620622303,730
spheredyn_v9,SphereDyn-v9 (seed 44),raw,2018-2019,120,v50,m s^-1,3.575178211936319,0.6530411451421513,730
spheredyn_v9,SphereDyn-v9 (seed 44),raw,2018-2019,120,v100,m s^-1,4.990877838409129,0.6052673904303878,730
spheredyn_v9,SphereDyn-v9 (seed 44),raw,2018-2019,120,v200,m s^-1,9.028677631787227,0.5614830815142599,730
spheredyn_v9,SphereDyn-v9 (seed 44),raw,2018-2019,120,v300,m s^-1,9.570668143967655,0.5231859702386997,730
spheredyn_v9,SphereDyn-v9 (seed 44),raw,2018-2019,120,v500,m s^-1,6.420249841502625,0.5242384197966734,730
spheredyn_v9,SphereDyn-v9 (seed 44),raw,2018-2019,120,v700,m s^-1,4.844581025123462,0.5022466757314835,730
spheredyn_v9,SphereDyn-v9 (seed 44),raw,2018-2019,120,v850,m s^-1,4.3618274300383835,0.4638625531845751,730
spheredyn_v9,SphereDyn-v9 (seed 44),raw,2018-2019,120,v925,m s^-1,4.4309068647598435,0.46260663339121244,730
spheredyn_v9,SphereDyn-v9 (seed 44),raw,2018-2019,120,v1000,m s^-1,3.5677180471111,0.47159098560741225,730
spheredyn_v9,SphereDyn-v9 (seed 44),raw,2018-2019,120,u10,m s^-1,3.123136050091796,0.4930574588672199,730
spheredyn_v9,SphereDyn-v9 (seed 44),raw,2018-2019,120,v10,m s^-1,3.1460492926490033,0.46504169474418466,730
spheredyn_v9,SphereDyn-v9 (seed 44),raw,2018-2019,120,t2m,K,2.096564749415301,0.5660635797999005,730
spheredyn_v9,SphereDyn-v9 (seed 44),raw,2018-2019,120,mslp,Pa,556.1356686603868,0.5887153935048542,730
spheredyn_v9,SphereDyn-v9 (seed 44),raw,2018-2019,168,z50,m^2 s^-2,755.116674170018,0.7544533106406305,730
spheredyn_v9,SphereDyn-v9 (seed 44),raw,2018-2019,168,z100,m^2 s^-2,695.1337468627152,0.6851596248484799,730
spheredyn_v9,SphereDyn-v9 (seed 44),raw,2018-2019,168,z200,m^2 s^-2,861.6410071567167,0.5795464474177725,730
spheredyn_v9,SphereDyn-v9 (seed 44),raw,2018-2019,168,z300,m^2 s^-2,910.8755147089161,0.5421672007586231,730
spheredyn_v9,SphereDyn-v9 (seed 44),raw,2018-2019,168,z500,m^2 s^-2,673.1079324288417,0.5346013593188195,730
spheredyn_v9,SphereDyn-v9 (seed 44),raw,2018-2019,168,z700,m^2 s^-2,520.395907410393,0.5191156624720158,730
spheredyn_v9,SphereDyn-v9 (seed 44),raw,2018-2019,168,z850,m^2 s^-2,470.97943387127737,0.49207404884747413,730
spheredyn_v9,SphereDyn-v9 (seed 44),raw,2018-2019,168,z925,m^2 s^-2,469.9676505940384,0.4788876892053275,730
spheredyn_v9,SphereDyn-v9 (seed 44),raw,2018-2019,168,z1000,m^2 s^-2,480.8222649158255,0.46894925347511707,730
spheredyn_v9,SphereDyn-v9 (seed 44),raw,2018-2019,168,q50,kg kg^-1,9.349948150042515e-08,0.6896716080878904,730
spheredyn_v9,SphereDyn-v9 (seed 44),raw,2018-2019,168,q100,kg kg^-1,3.3094751026704683e-07,0.488419735855208,730
spheredyn_v9,SphereDyn-v9 (seed 44),raw,2018-2019,168,q200,kg kg^-1,1.2583169696605305e-05,0.4165675058883915,730
spheredyn_v9,SphereDyn-v9 (seed 44),raw,2018-2019,168,q300,kg kg^-1,0.0001117936193198067,0.40594807161969265,730
spheredyn_v9,SphereDyn-v9 (seed 44),raw,2018-2019,168,q500,kg kg^-1,0.000701181128103305,0.42371160478893266,730
spheredyn_v9,SphereDyn-v9 (seed 44),raw,2018-2019,168,q700,kg kg^-1,0.0013569157991819446,0.3942238754322685,730
spheredyn_v9,SphereDyn-v9 (seed 44),raw,2018-2019,168,q850,kg kg^-1,0.0015774768503545313,0.3535705809270432,730
spheredyn_v9,SphereDyn-v9 (seed 44),raw,2018-2019,168,q925,kg kg^-1,0.0012949874834188456,0.3733795746985162,730
spheredyn_v9,SphereDyn-v9 (seed 44),raw,2018-2019,168,q1000,kg kg^-1,0.0013061037777669876,0.414437319532334,730
spheredyn_v9,SphereDyn-v9 (seed 44),raw,2018-2019,168,t50,K,2.336445849788082,0.7299103485962144,730
spheredyn_v9,SphereDyn-v9 (seed 44),raw,2018-2019,168,t100,K,2.476292103466056,0.6370476272596469,730
spheredyn_v9,SphereDyn-v9 (seed 44),raw,2018-2019,168,t200,K,3.0416346128519884,0.500582300798062,730
spheredyn_v9,SphereDyn-v9 (seed 44),raw,2018-2019,168,t300,K,2.149677877974178,0.48557196640064154,730
spheredyn_v9,SphereDyn-v9 (seed 44),raw,2018-2019,168,t500,K,2.64483389387114,0.4702823974500123,730
spheredyn_v9,SphereDyn-v9 (seed 44),raw,2018-2019,168,t700,K,2.6961375460145565,0.47004661772350825,730
spheredyn_v9,SphereDyn-v9 (seed 44),raw,2018-2019,168,t850,K,2.9337749573514875,0.4557657652374939,730
spheredyn_v9,SphereDyn-v9 (seed 44),raw,2018-2019,168,t925,K,2.74648630089067,0.4366116915973076,730
spheredyn_v9,SphereDyn-v9 (seed 44),raw,2018-2019,168,t1000,K,2.4187933553316925,0.4439730548607785,730
spheredyn_v9,SphereDyn-v9 (seed 44),raw,2018-2019,168,u50,m s^-1,4.769379838049602,0.7893808102531028,730
spheredyn_v9,SphereDyn-v9 (seed 44),raw,2018-2019,168,u100,m s^-1,5.910553511087171,0.5699234960412423,730
spheredyn_v9,SphereDyn-v9 (seed 44),raw,2018-2019,168,u200,m s^-1,9.659054535485227,0.5234430852036057,730
spheredyn_v9,SphereDyn-v9 (seed 44),raw,2018-2019,168,u300,m s^-1,10.109983331793115,0.4786334714222619,730
spheredyn_v9,SphereDyn-v9 (seed 44),raw,2018-2019,168,u500,m s^-1,7.0314589493127775,0.4656888182783452,730
spheredyn_v9,SphereDyn-v9 (seed 44),raw,2018-2019,168,u700,m s^-1,5.438194859740023,0.4486588424158976,730
spheredyn_v9,SphereDyn-v9 (seed 44),raw,2018-2019,168,u850,m s^-1,4.866231957660458,0.4079356471779664,730
spheredyn_v9,SphereDyn-v9 (seed 44),raw,2018-2019,168,u925,m s^-1,4.754161039409716,0.3864574749821862,730
spheredyn_v9,SphereDyn-v9 (seed 44),raw,2018-2019,168,u1000,m s^-1,3.733927117406287,0.38484453910738636,730
spheredyn_v9,SphereDyn-v9 (seed 44),raw,2018-2019,168,v50,m s^-1,3.9470892482276922,0.5490244640001551,730
spheredyn_v9,SphereDyn-v9 (seed 44),raw,2018-2019,168,v100,m s^-1,5.498155635338213,0.48183597154213825,730
spheredyn_v9,SphereDyn-v9 (seed 44),raw,2018-2019,168,v200,m s^-1,9.876358053674974,0.42562880756682175,730
spheredyn_v9,SphereDyn-v9 (seed 44),raw,2018-2019,168,v300,m s^-1,10.321277220642743,0.39494661951928345,730
spheredyn_v9,SphereDyn-v9 (seed 44),raw,2018-2019,168,v500,m s^-1,6.92043268424444,0.39795455678199404,730
spheredyn_v9,SphereDyn-v9 (seed 44),raw,2018-2019,168,v700,m s^-1,5.184484354925362,0.3813842596788145,730
spheredyn_v9,SphereDyn-v9 (seed 44),raw,2018-2019,168,v850,m s^-1,4.617623239302464,0.3495779415743277,730
spheredyn_v9,SphereDyn-v9 (seed 44),raw,2018-2019,168,v925,m s^-1,4.695758113679111,0.34577689841605735,730
spheredyn_v9,SphereDyn-v9 (seed 44),raw,2018-2019,168,v1000,m s^-1,3.7976454042398817,0.3493888062670328,730
spheredyn_v9,SphereDyn-v9 (seed 44),raw,2018-2019,168,u10,m s^-1,3.322602521214133,0.3829699523133208,730
spheredyn_v9,SphereDyn-v9 (seed 44),raw,2018-2019,168,v10,m s^-1,3.34086403517955,0.3453158838086104,730
spheredyn_v9,SphereDyn-v9 (seed 44),raw,2018-2019,168,t2m,K,2.283062160528335,0.4557017370885183,730
spheredyn_v9,SphereDyn-v9 (seed 44),raw,2018-2019,168,mslp,Pa,609.3575827331747,0.46704276582296705,730
spheredyn_v9,SphereDyn-v9 (seed 44),raw,2018-2019,240,z50,m^2 s^-2,862.8249840391687,0.6634871645457401,730
spheredyn_v9,SphereDyn-v9 (seed 44),raw,2018-2019,240,z100,m^2 s^-2,784.0812982576471,0.5731257098713002,730
spheredyn_v9,SphereDyn-v9 (seed 44),raw,2018-2019,240,z200,m^2 s^-2,952.267255860404,0.43713315686641563,730
spheredyn_v9,SphereDyn-v9 (seed 44),raw,2018-2019,240,z300,m^2 s^-2,996.9335281697778,0.3961077910584008,730
spheredyn_v9,SphereDyn-v9 (seed 44),raw,2018-2019,240,z500,m^2 s^-2,735.2842235377839,0.3881781533530211,730
spheredyn_v9,SphereDyn-v9 (seed 44),raw,2018-2019,240,z700,m^2 s^-2,564.8461511274492,0.3773605716763736,730
spheredyn_v9,SphereDyn-v9 (seed 44),raw,2018-2019,240,z850,m^2 s^-2,505.90153612648476,0.35775314765886074,730
spheredyn_v9,SphereDyn-v9 (seed 44),raw,2018-2019,240,z925,m^2 s^-2,502.3586008717906,0.3484022153091629,730
spheredyn_v9,SphereDyn-v9 (seed 44),raw,2018-2019,240,z1000,m^2 s^-2,512.5733538174458,0.33987273363334775,730
spheredyn_v9,SphereDyn-v9 (seed 44),raw,2018-2019,240,q50,kg kg^-1,9.898915779993957e-08,0.6442417831083002,730
spheredyn_v9,SphereDyn-v9 (seed 44),raw,2018-2019,240,q100,kg kg^-1,3.442481432860362e-07,0.4213782133317023,730
spheredyn_v9,SphereDyn-v9 (seed 44),raw,2018-2019,240,q200,kg kg^-1,1.299138088531415e-05,0.34752352747935117,730
spheredyn_v9,SphereDyn-v9 (seed 44),raw,2018-2019,240,q300,kg kg^-1,0.00011525377220164685,0.33628556141810856,730
spheredyn_v9,SphereDyn-v9 (seed 44),raw,2018-2019,240,q500,kg kg^-1,0.0007272331958221458,0.3447234831821069,730
spheredyn_v9,SphereDyn-v9 (seed 44),raw,2018-2019,240,q700,kg kg^-1,0.0014021310637562195,0.31551232611023355,730
spheredyn_v9,SphereDyn-v9 (seed 44),raw,2018-2019,240,q850,kg kg^-1,0.001621391469713269,0.2797912686331178,730
spheredyn_v9,SphereDyn-v9 (seed 44),raw,2018-2019,240,q925,kg kg^-1,0.0013428126870697458,0.2852005962249951,730
spheredyn_v9,SphereDyn-v9 (seed 44),raw,2018-2019,240,q1000,kg kg^-1,0.0013797450839078693,0.2996071489125378,730
spheredyn_v9,SphereDyn-v9 (seed 44),raw,2018-2019,240,t50,K,2.561955723057879,0.6615624733915626,730
spheredyn_v9,SphereDyn-v9 (seed 44),raw,2018-2019,240,t100,K,2.6973940765676736,0.5443378220575396,730
spheredyn_v9,SphereDyn-v9 (seed 44),raw,2018-2019,240,t200,K,3.203091662456799,0.41301829178145333,730
spheredyn_v9,SphereDyn-v9 (seed 44),raw,2018-2019,240,t300,K,2.2690804821991915,0.38583768559242265,730
spheredyn_v9,SphereDyn-v9 (seed 44),raw,2018-2019,240,t500,K,2.8224206665287768,0.33999478744690126,730
spheredyn_v9,SphereDyn-v9 (seed 44),raw,2018-2019,240,t700,K,2.8879677715819323,0.3335991942608563,730
spheredyn_v9,SphereDyn-v9 (seed 44),raw,2018-2019,240,t850,K,3.136036145268442,0.3195438621358946,730
spheredyn_v9,SphereDyn-v9 (seed 44),raw,2018-2019,240,t925,K,2.91974309924064,0.31024479832647034,730
spheredyn_v9,SphereDyn-v9 (seed 44),raw,2018-2019,240,t1000,K,2.5711053107378112,0.33093315319882477,730
spheredyn_v9,SphereDyn-v9 (seed 44),raw,2018-2019,240,u50,m s^-1,5.157832963617014,0.7481517358610489,730
spheredyn_v9,SphereDyn-v9 (seed 44),raw,2018-2019,240,u100,m s^-1,6.399921531759596,0.4590423744402455,730
spheredyn_v9,SphereDyn-v9 (seed 44),raw,2018-2019,240,u200,m s^-1,10.390653949822555,0.4009662092162697,730
spheredyn_v9,SphereDyn-v9 (seed 44),raw,2018-2019,240,u300,m s^-1,10.750207143721909,0.358965138118602,730
spheredyn_v9,SphereDyn-v9 (seed 44),raw,2018-2019,240,u500,m s^-1,7.466967377039757,0.34445355862029803,730
spheredyn_v9,SphereDyn-v9 (seed 44),raw,2018-2019,240,u700,m s^-1,5.732390748937179,0.33800272678708887,730
spheredyn_v9,SphereDyn-v9 (seed 44),raw,2018-2019,240,u850,m s^-1,5.0797788140461835,0.3060021393848517,730
spheredyn_v9,SphereDyn-v9 (seed 44),raw,2018-2019,240,u925,m s^-1,4.94333104867074,0.2869460579693579,730
spheredyn_v9,SphereDyn-v9 (seed 44),raw,2018-2019,240,u1000,m s^-1,3.884229944406532,0.28406549163769484,730
spheredyn_v9,SphereDyn-v9 (seed 44),raw,2018-2019,240,v50,m s^-1,4.283652859679595,0.42298387267171833,730
spheredyn_v9,SphereDyn-v9 (seed 44),raw,2018-2019,240,v100,m s^-1,5.898271310827502,0.34403257395376363,730
spheredyn_v9,SphereDyn-v9 (seed 44),raw,2018-2019,240,v200,m s^-1,10.449339546994928,0.2901766342717173,730
spheredyn_v9,SphereDyn-v9 (seed 44),raw,2018-2019,240,v300,m s^-1,10.826017976118534,0.2688084960368193,730
spheredyn_v9,SphereDyn-v9 (seed 44),raw,2018-2019,240,v500,m s^-1,7.263249260676804,0.2726218580932422,730
spheredyn_v9,SphereDyn-v9 (seed 44),raw,2018-2019,240,v700,m s^-1,5.418985589222063,0.2618699457478469,730
spheredyn_v9,SphereDyn-v9 (seed 44),raw,2018-2019,240,v850,m s^-1,4.7897636885873505,0.2405998273943454,730
spheredyn_v9,SphereDyn-v9 (seed 44),raw,2018-2019,240,v925,m s^-1,4.867406751235196,0.23752756186217697,730
spheredyn_v9,SphereDyn-v9 (seed 44),raw,2018-2019,240,v1000,m s^-1,3.9414353331773837,0.23837003210605803,730
spheredyn_v9,SphereDyn-v9 (seed 44),raw,2018-2019,240,u10,m s^-1,3.457498685814457,0.2820919933228246,730
spheredyn_v9,SphereDyn-v9 (seed 44),raw,2018-2019,240,v10,m s^-1,3.463778350178937,0.23608461409503526,730
spheredyn_v9,SphereDyn-v9 (seed 44),raw,2018-2019,240,t2m,K,2.443574082625156,0.34313066271694403,730
spheredyn_v9,SphereDyn-v9 (seed 44),raw,2018-2019,240,mslp,Pa,648.921274636893,0.33919104710529396,730
spheredyn_v9,SphereDyn-v9 (seed 44),sphere_ttc_v22,2018-2019,24,z50,m^2 s^-2,116.63423031758045,0.9948475099915266,730
spheredyn_v9,SphereDyn-v9 (seed 44),sphere_ttc_v22,2018-2019,24,z100,m^2 s^-2,109.4062971856276,0.9933867789725875,730
spheredyn_v9,SphereDyn-v9 (seed 44),sphere_ttc_v22,2018-2019,24,z200,m^2 s^-2,135.09643467648087,0.9917720287708123,730
spheredyn_v9,SphereDyn-v9 (seed 44),sphere_ttc_v22,2018-2019,24,z300,m^2 s^-2,143.45544714641605,0.991169063378129,730
spheredyn_v9,SphereDyn-v9 (seed 44),sphere_ttc_v22,2018-2019,24,z500,m^2 s^-2,108.89965240869499,0.9905690261760828,730
spheredyn_v9,SphereDyn-v9 (seed 44),sphere_ttc_v22,2018-2019,24,z700,m^2 s^-2,90.11235094603991,0.9889322064477638,730
spheredyn_v9,SphereDyn-v9 (seed 44),sphere_ttc_v22,2018-2019,24,z850,m^2 s^-2,86.28555233970182,0.9871251240656411,730
spheredyn_v9,SphereDyn-v9 (seed 44),sphere_ttc_v22,2018-2019,24,z925,m^2 s^-2,87.49579983574422,0.9864664427103849,730
spheredyn_v9,SphereDyn-v9 (seed 44),sphere_ttc_v22,2018-2019,24,z1000,m^2 s^-2,90.37564174725138,0.9860160623474402,730
spheredyn_v9,SphereDyn-v9 (seed 44),sphere_ttc_v22,2018-2019,24,q50,kg kg^-1,3.458664035145118e-08,0.9637154193313116,730
spheredyn_v9,SphereDyn-v9 (seed 44),sphere_ttc_v22,2018-2019,24,q100,kg kg^-1,1.4532332212196678e-07,0.9239753675573839,730
spheredyn_v9,SphereDyn-v9 (seed 44),sphere_ttc_v22,2018-2019,24,q200,kg kg^-1,6.172646684767554e-06,0.8946780725319402,730
spheredyn_v9,SphereDyn-v9 (seed 44),sphere_ttc_v22,2018-2019,24,q300,kg kg^-1,4.9392261452324963e-05,0.9148291695934492,730
spheredyn_v9,SphereDyn-v9 (seed 44),sphere_ttc_v22,2018-2019,24,q500,kg kg^-1,0.0002784530609576603,0.933182826879653,730
spheredyn_v9,SphereDyn-v9 (seed 44),sphere_ttc_v22,2018-2019,24,q700,kg kg^-1,0.0005258441309869928,0.934596375364957,730
spheredyn_v9,SphereDyn-v9 (seed 44),sphere_ttc_v22,2018-2019,24,q850,kg kg^-1,0.0006536576977143949,0.9214054686357629,730
spheredyn_v9,SphereDyn-v9 (seed 44),sphere_ttc_v22,2018-2019,24,q925,kg kg^-1,0.0005098805353719766,0.9296874555538963,730
spheredyn_v9,SphereDyn-v9 (seed 44),sphere_ttc_v22,2018-2019,24,q1000,kg kg^-1,0.00040797359275224774,0.9576581205542657,730
spheredyn_v9,SphereDyn-v9 (seed 44),sphere_ttc_v22,2018-2019,24,t50,K,0.6436476967324637,0.9821895560506361,730
spheredyn_v9,SphereDyn-v9 (seed 44),sphere_ttc_v22,2018-2019,24,t100,K,0.6422543291656738,0.9798373266724545,730
spheredyn_v9,SphereDyn-v9 (seed 44),sphere_ttc_v22,2018-2019,24,t200,K,0.7207862597596935,0.9787780922161151,730
spheredyn_v9,SphereDyn-v9 (seed 44),sphere_ttc_v22,2018-2019,24,t300,K,0.6103336060942216,0.9686650922523068,730
spheredyn_v9,SphereDyn-v9 (seed 44),sphere_ttc_v22,2018-2019,24,t500,K,0.6097105572229816,0.9790069074865988,730
spheredyn_v9,SphereDyn-v9 (seed 44),sphere_ttc_v22,2018-2019,24,t700,K,0.6262159928928002,0.9786550179464919,730
spheredyn_v9,SphereDyn-v9 (seed 44),sphere_ttc_v22,2018-2019,24,t850,K,0.725610862161348,0.9752457440558838,730
spheredyn_v9,SphereDyn-v9 (seed 44),sphere_ttc_v22,2018-2019,24,t925,K,0.7105527447953155,0.9721270542479112,730
spheredyn_v9,SphereDyn-v9 (seed 44),sphere_ttc_v22,2018-2019,24,t1000,K,0.681702360796907,0.9666113410484563,730
spheredyn_v9,SphereDyn-v9 (seed 44),sphere_ttc_v22,2018-2019,24,u50,m s^-1,1.2799532317646936,0.9863711930659177,730
spheredyn_v9,SphereDyn-v9 (seed 44),sphere_ttc_v22,2018-2019,24,u100,m s^-1,1.626015501454088,0.9741224059743233,730
spheredyn_v9,SphereDyn-v9 (seed 44),sphere_ttc_v22,2018-2019,24,u200,m s^-1,2.4444507341705126,0.9764889363214114,730
spheredyn_v9,SphereDyn-v9 (seed 44),sphere_ttc_v22,2018-2019,24,u300,m s^-1,2.604999364277559,0.9740478665327696,730
spheredyn_v9,SphereDyn-v9 (seed 44),sphere_ttc_v22,2018-2019,24,u500,m s^-1,1.8165940938036906,0.9734589086127186,730
spheredyn_v9,SphereDyn-v9 (seed 44),sphere_ttc_v22,2018-2019,24,u700,m s^-1,1.4448958132457732,0.971312666624589,730
spheredyn_v9,SphereDyn-v9 (seed 44),sphere_ttc_v22,2018-2019,24,u850,m s^-1,1.3251926334099982,0.968428102599599,730
spheredyn_v9,SphereDyn-v9 (seed 44),sphere_ttc_v22,2018-2019,24,u925,m s^-1,1.2529672289773381,0.9697896877317203,730
spheredyn_v9,SphereDyn-v9 (seed 44),sphere_ttc_v22,2018-2019,24,u1000,m s^-1,0.9807719139563482,0.9699330999529714,730
spheredyn_v9,SphereDyn-v9 (seed 44),sphere_ttc_v22,2018-2019,24,v50,m s^-1,1.1034865053561327,0.9724190404571633,730
spheredyn_v9,SphereDyn-v9 (seed 44),sphere_ttc_v22,2018-2019,24,v100,m s^-1,1.5544971846667948,0.9689190765894361,730
spheredyn_v9,SphereDyn-v9 (seed 44),sphere_ttc_v22,2018-2019,24,v200,m s^-1,2.4436865965113044,0.9746438950278563,730
spheredyn_v9,SphereDyn-v9 (seed 44),sphere_ttc_v22,2018-2019,24,v300,m s^-1,2.5747946765527607,0.9733881708387077,730
spheredyn_v9,SphereDyn-v9 (seed 44),sphere_ttc_v22,2018-2019,24,v500,m s^-1,1.7688642634894125,0.9721153336376118,730
spheredyn_v9,SphereDyn-v9 (seed 44),sphere_ttc_v22,2018-2019,24,v700,m s^-1,1.3915576880775897,0.9686692734011921,730
spheredyn_v9,SphereDyn-v9 (seed 44),sphere_ttc_v22,2018-2019,24,v850,m s^-1,1.292071486152393,0.9648703420007133,730
spheredyn_v9,SphereDyn-v9 (seed 44),sphere_ttc_v22,2018-2019,24,v925,m s^-1,1.2538697862188697,0.9679170787546678,730
spheredyn_v9,SphereDyn-v9 (seed 44),sphere_ttc_v22,2018-2019,24,v1000,m s^-1,0.9974235195367376,0.9689989919276693,730
spheredyn_v9,SphereDyn-v9 (seed 44),sphere_ttc_v22,2018-2019,24,u10,m s^-1,0.8852679946894729,0.9690185512594462,730
spheredyn_v9,SphereDyn-v9 (seed 44),sphere_ttc_v22,2018-2019,24,v10,m s^-1,0.8927127059175615,0.967791603816839,730
spheredyn_v9,SphereDyn-v9 (seed 44),sphere_ttc_v22,2018-2019,24,t2m,K,0.6724845968731914,0.9634722024104093,730
spheredyn_v9,SphereDyn-v9 (seed 44),sphere_ttc_v22,2018-2019,24,mslp,Pa,115.3313434708376,0.9857755110420845,730
spheredyn_v9,SphereDyn-v9 (seed 44),sphere_ttc_v22,2018-2019,72,z50,m^2 s^-2,291.53058013709773,0.9679959060843031,730
spheredyn_v9,SphereDyn-v9 (seed 44),sphere_ttc_v22,2018-2019,72,z100,m^2 s^-2,256.86744794626344,0.9643220602006235,730
spheredyn_v9,SphereDyn-v9 (seed 44),sphere_ttc_v22,2018-2019,72,z200,m^2 s^-2,321.35660050568464,0.954714534047417,730
spheredyn_v9,SphereDyn-v9 (seed 44),sphere_ttc_v22,2018-2019,72,z300,m^2 s^-2,350.8245079079952,0.9487842845046807,730
spheredyn_v9,SphereDyn-v9 (seed 44),sphere_ttc_v22,2018-2019,72,z500,m^2 s^-2,263.8743440458613,0.9466737595812759,730
spheredyn_v9,SphereDyn-v9 (seed 44),sphere_ttc_v22,2018-2019,72,z700,m^2 s^-2,210.35544554684452,0.9423556292682707,730
spheredyn_v9,SphereDyn-v9 (seed 44),sphere_ttc_v22,2018-2019,72,z850,m^2 s^-2,197.21919755599822,0.9360462775162943,730
spheredyn_v9,SphereDyn-v9 (seed 44),sphere_ttc_v22,2018-2019,72,z925,m^2 s^-2,198.98726555232267,0.9335496470224586,730
spheredyn_v9,SphereDyn-v9 (seed 44),sphere_ttc_v22,2018-2019,72,z1000,m^2 s^-2,204.5157616353258,0.931996112861388,730
spheredyn_v9,SphereDyn-v9 (seed 44),sphere_ttc_v22,2018-2019,72,q50,kg kg^-1,5.511623782256002e-08,0.9052302999292469,730
spheredyn_v9,SphereDyn-v9 (seed 44),sphere_ttc_v22,2018-2019,72,q100,kg kg^-1,2.1246903747567504e-07,0.8337217778972593,730
spheredyn_v9,SphereDyn-v9 (seed 44),sphere_ttc_v22,2018-2019,72,q200,kg kg^-1,8.365100479392066e-06,0.7989024121129894,730
spheredyn_v9,SphereDyn-v9 (seed 44),sphere_ttc_v22,2018-2019,72,q300,kg kg^-1,7.152909455983746e-05,0.8130542671458074,730
spheredyn_v9,SphereDyn-v9 (seed 44),sphere_ttc_v22,2018-2019,72,q500,kg kg^-1,0.00042851012903800543,0.8360271826127326,730
spheredyn_v9,SphereDyn-v9 (seed 44),sphere_ttc_v22,2018-2019,72,q700,kg kg^-1,0.0008200488889502222,0.8348364176510771,730
spheredyn_v9,SphereDyn-v9 (seed 44),sphere_ttc_v22,2018-2019,72,q850,kg kg^-1,0.0009874189001311344,0.8128014096235247,730
spheredyn_v9,SphereDyn-v9 (seed 44),sphere_ttc_v22,2018-2019,72,q925,kg kg^-1,0.000749871540574688,0.8458734976426965,730
spheredyn_v9,SphereDyn-v9 (seed 44),sphere_ttc_v22,2018-2019,72,q1000,kg kg^-1,0.00066116340435733,0.8881623177404436,730
spheredyn_v9,SphereDyn-v9 (seed 44),sphere_ttc_v22,2018-2019,72,t50,K,1.1735003883965605,0.9406459656054726,730
spheredyn_v9,SphereDyn-v9 (seed 44),sphere_ttc_v22,2018-2019,72,t100,K,1.111505807599264,0.9400490078882562,730
spheredyn_v9,SphereDyn-v9 (seed 44),sphere_ttc_v22,2018-2019,72,t200,K,1.4096024122166977,0.9227603942492821,730
spheredyn_v9,SphereDyn-v9 (seed 44),sphere_ttc_v22,2018-2019,72,t300,K,1.0403759535198798,0.9105859528914299,730
spheredyn_v9,SphereDyn-v9 (seed 44),sphere_ttc_v22,2018-2019,72,t500,K,1.1744840393105915,0.924032679564354,730
spheredyn_v9,SphereDyn-v9 (seed 44),sphere_ttc_v22,2018-2019,72,t700,K,1.1957647637620816,0.9238608090299759,730
spheredyn_v9,SphereDyn-v9 (seed 44),sphere_ttc_v22,2018-2019,72,t850,K,1.326638278550668,0.9180608244357875,730
spheredyn_v9,SphereDyn-v9 (seed 44),sphere_ttc_v22,2018-2019,72,t925,K,1.2783090713073624,0.9115012931972662,730
spheredyn_v9,SphereDyn-v9 (seed 44),sphere_ttc_v22,2018-2019,72,t1000,K,1.1555102217814743,0.9050483045085258,730
spheredyn_v9,SphereDyn-v9 (seed 44),sphere_ttc_v22,2018-2019,72,u50,m s^-1,2.325403536042478,0.9552646395619189,730
spheredyn_v9,SphereDyn-v9 (seed 44),sphere_ttc_v22,2018-2019,72,u100,m s^-1,2.750504581625229,0.9275028186778536,730
spheredyn_v9,SphereDyn-v9 (seed 44),sphere_ttc_v22,2018-2019,72,u200,m s^-1,4.361575674881834,0.9267332104577055,730
spheredyn_v9,SphereDyn-v9 (seed 44),sphere_ttc_v22,2018-2019,72,u300,m s^-1,4.74695593552589,0.9154201600269645,730
spheredyn_v9,SphereDyn-v9 (seed 44),sphere_ttc_v22,2018-2019,72,u500,m s^-1,3.3644680559711397,0.910663723913815,730
spheredyn_v9,SphereDyn-v9 (seed 44),sphere_ttc_v22,2018-2019,72,u700,m s^-1,2.6794759018039835,0.9029546209866419,730
spheredyn_v9,SphereDyn-v9 (seed 44),sphere_ttc_v22,2018-2019,72,u850,m s^-1,2.473283304773046,0.8916421174647511,730
spheredyn_v9,SphereDyn-v9 (seed 44),sphere_ttc_v22,2018-2019,72,u925,m s^-1,2.4084405282503476,0.890550706969904,730
spheredyn_v9,SphereDyn-v9 (seed 44),sphere_ttc_v22,2018-2019,72,u1000,m s^-1,1.8824986146042069,0.8917504448635882,730
spheredyn_v9,SphereDyn-v9 (seed 44),sphere_ttc_v22,2018-2019,72,v50,m s^-1,1.8924802959388536,0.9197774344334172,730
spheredyn_v9,SphereDyn-v9 (seed 44),sphere_ttc_v22,2018-2019,72,v100,m s^-1,2.5535480895068283,0.9191969012764383,730
spheredyn_v9,SphereDyn-v9 (seed 44),sphere_ttc_v22,2018-2019,72,v200,m s^-1,4.456156193592145,0.9200055283610363,730
spheredyn_v9,SphereDyn-v9 (seed 44),sphere_ttc_v22,2018-2019,72,v300,m s^-1,4.830988340037539,0.910673453564467,730
spheredyn_v9,SphereDyn-v9 (seed 44),sphere_ttc_v22,2018-2019,72,v500,m s^-1,3.310204476185669,0.9061575138261809,730
spheredyn_v9,SphereDyn-v9 (seed 44),sphere_ttc_v22,2018-2019,72,v700,m s^-1,2.5788900542667736,0.8962547909629219,730
spheredyn_v9,SphereDyn-v9 (seed 44),sphere_ttc_v22,2018-2019,72,v850,m s^-1,2.3769892690300938,0.8844412809250624,730
spheredyn_v9,SphereDyn-v9 (seed 44),sphere_ttc_v22,2018-2019,72,v925,m s^-1,2.3798689651393037,0.8881112002220297,730
spheredyn_v9,SphereDyn-v9 (seed 44),sphere_ttc_v22,2018-2019,72,v1000,m s^-1,1.899086048438091,0.8908886715755161,730
spheredyn_v9,SphereDyn-v9 (seed 44),sphere_ttc_v22,2018-2019,72,u10,m s^-1,1.690682852550667,0.8895199607250955,730
spheredyn_v9,SphereDyn-v9 (seed 44),sphere_ttc_v22,2018-2019,72,v10,m s^-1,1.6919273726688693,0.8874333091290886,730
spheredyn_v9,SphereDyn-v9 (seed 44),sphere_ttc_v22,2018-2019,72,t2m,K,1.1044221869106539,0.9012646520059823,730
spheredyn_v9,SphereDyn-v9 (seed 44),sphere_ttc_v22,2018-2019,72,mslp,Pa,259.45906888730667,0.9315037787405763,730
spheredyn_v9,SphereDyn-v9 (seed 44),sphere_ttc_v22,2018-2019,120,z50,m^2 s^-2,399.4335774993185,0.9396969925469477,730
spheredyn_v9,SphereDyn-v9 (seed 44),sphere_ttc_v22,2018-2019,120,z100,m^2 s^-2,355.21859808294863,0.9313595777968907,730
spheredyn_v9,SphereDyn-v9 (seed 44),sphere_ttc_v22,2018-2019,120,z200,m^2 s^-2,456.1965875566012,0.9071549209169506,730
spheredyn_v9,SphereDyn-v9 (seed 44),sphere_ttc_v22,2018-2019,120,z300,m^2 s^-2,501.3417703287547,0.8922459871794608,730
spheredyn_v9,SphereDyn-v9 (seed 44),sphere_ttc_v22,2018-2019,120,z500,m^2 s^-2,374.86166580906973,0.8885915176999685,730
spheredyn_v9,SphereDyn-v9 (seed 44),sphere_ttc_v22,2018-2019,120,z700,m^2 s^-2,293.83625250207064,0.8828378151821911,730
spheredyn_v9,SphereDyn-v9 (seed 44),sphere_ttc_v22,2018-2019,120,z850,m^2 s^-2,271.8142249521614,0.8723498246614,730
spheredyn_v9,SphereDyn-v9 (seed 44),sphere_ttc_v22,2018-2019,120,z925,m^2 s^-2,273.63008531104316,0.8675377907493225,730
spheredyn_v9,SphereDyn-v9 (seed 44),sphere_ttc_v22,2018-2019,120,z1000,m^2 s^-2,281.37205957725234,0.8639440896278665,730
spheredyn_v9,SphereDyn-v9 (seed 44),sphere_ttc_v22,2018-2019,120,q50,kg kg^-1,6.514160137576016e-08,0.8633556049315592,730
spheredyn_v9,SphereDyn-v9 (seed 44),sphere_ttc_v22,2018-2019,120,q100,kg kg^-1,2.4311064364380233e-07,0.7789979951101562,730
spheredyn_v9,SphereDyn-v9 (seed 44),sphere_ttc_v22,2018-2019,120,q200,kg kg^-1,9.431864309008085e-06,0.7352668495977952,730
spheredyn_v9,SphereDyn-v9 (seed 44),sphere_ttc_v22,2018-2019,120,q300,kg kg^-1,8.294041269166059e-05,0.7410252909380405,730
spheredyn_v9,SphereDyn-v9 (seed 44),sphere_ttc_v22,2018-2019,120,q500,kg kg^-1,0.0005110975212545731,0.7607318791574265,730
spheredyn_v9,SphereDyn-v9 (seed 44),sphere_ttc_v22,2018-2019,120,q700,kg kg^-1,0.0009899174049327866,0.7535208609355274,730
spheredyn_v9,SphereDyn-v9 (seed 44),sphere_ttc_v22,2018-2019,120,q850,kg kg^-1,0.001162936276944598,0.7341749988711614,730
spheredyn_v9,SphereDyn-v9 (seed 44),sphere_ttc_v22,2018-2019,120,q925,kg kg^-1,0.000889377411106713,0.7741651585470839,730
spheredyn_v9,SphereDyn-v9 (seed 44),sphere_ttc_v22,2018-2019,120,q1000,kg kg^-1,0.0008211466767067341,0.822103733385203,730
spheredyn_v9,SphereDyn-v9 (seed 44),sphere_ttc_v22,2018-2019,120,t50,K,1.4541632975675174,0.9086650714701254,730
spheredyn_v9,SphereDyn-v9 (seed 44),sphere_ttc_v22,2018-2019,120,t100,K,1.4277258283597603,0.9000095098702738,730
spheredyn_v9,SphereDyn-v9 (seed 44),sphere_ttc_v22,2018-2019,120,t200,K,1.859815268716071,0.8577801046519192,730
spheredyn_v9,SphereDyn-v9 (seed 44),sphere_ttc_v22,2018-2019,120,t300,K,1.3358634787651695,0.8446988418140333,730
spheredyn_v9,SphereDyn-v9 (seed 44),sphere_ttc_v22,2018-2019,120,t500,K,1.5897188394426818,0.8535670652214403,730
spheredyn_v9,SphereDyn-v9 (seed 44),sphere_ttc_v22,2018-2019,120,t700,K,1.6199062600026757,0.8529519154306604,730
spheredyn_v9,SphereDyn-v9 (seed 44),sphere_ttc_v22,2018-2019,120,t850,K,1.7768661486237978,0.8461334314937324,730
spheredyn_v9,SphereDyn-v9 (seed 44),sphere_ttc_v22,2018-2019,120,t925,K,1.6762913189024795,0.8419911670731738,730
spheredyn_v9,SphereDyn-v9 (seed 44),sphere_ttc_v22,2018-2019,120,t1000,K,1.4850962434372943,0.8372434503468,730
spheredyn_v9,SphereDyn-v9 (seed 44),sphere_ttc_v22,2018-2019,120,u50,m s^-1,2.8728288273647147,0.9314551252732906,730
spheredyn_v9,SphereDyn-v9 (seed 44),sphere_ttc_v22,2018-2019,120,u100,m s^-1,3.427862966466004,0.8862416332361779,730
spheredyn_v9,SphereDyn-v9 (seed 44),sphere_ttc_v22,2018-2019,120,u200,m s^-1,5.722953466513916,0.86954246569164,730
spheredyn_v9,SphereDyn-v9 (seed 44),sphere_ttc_v22,2018-2019,120,u300,m s^-1,6.34663565561266,0.8398670452748567,730
spheredyn_v9,SphereDyn-v9 (seed 44),sphere_ttc_v22,2018-2019,120,u500,m s^-1,4.488717019875601,0.8310025281579623,730
spheredyn_v9,SphereDyn-v9 (seed 44),sphere_ttc_v22,2018-2019,120,u700,m s^-1,3.522177754294047,0.8215478407202512,730
spheredyn_v9,SphereDyn-v9 (seed 44),sphere_ttc_v22,2018-2019,120,u850,m s^-1,3.216620420783285,0.8082238876199042,730
spheredyn_v9,SphereDyn-v9 (seed 44),sphere_ttc_v22,2018-2019,120,u925,m s^-1,3.164097722033445,0.8003047612570281,730
spheredyn_v9,SphereDyn-v9 (seed 44),sphere_ttc_v22,2018-2019,120,u1000,m s^-1,2.484733217991773,0.7942553712919899,730
spheredyn_v9,SphereDyn-v9 (seed 44),sphere_ttc_v22,2018-2019,120,v50,m s^-1,2.3326954989368187,0.8766209980779638,730
spheredyn_v9,SphereDyn-v9 (seed 44),sphere_ttc_v22,2018-2019,120,v100,m s^-1,3.2156779673287454,0.869703198373281,730
spheredyn_v9,SphereDyn-v9 (seed 44),sphere_ttc_v22,2018-2019,120,v200,m s^-1,5.882737917584231,0.8548363475979933,730
spheredyn_v9,SphereDyn-v9 (seed 44),sphere_ttc_v22,2018-2019,120,v300,m s^-1,6.458465029994372,0.8294289347118946,730
spheredyn_v9,SphereDyn-v9 (seed 44),sphere_ttc_v22,2018-2019,120,v500,m s^-1,4.422327079469512,0.8208210962455884,730
spheredyn_v9,SphereDyn-v9 (seed 44),sphere_ttc_v22,2018-2019,120,v700,m s^-1,3.3897863527620156,0.8072390481055793,730
spheredyn_v9,SphereDyn-v9 (seed 44),sphere_ttc_v22,2018-2019,120,v850,m s^-1,3.094186427590996,0.7874186173629895,730
spheredyn_v9,SphereDyn-v9 (seed 44),sphere_ttc_v22,2018-2019,120,v925,m s^-1,3.1287335800321174,0.7888453605397852,730
spheredyn_v9,SphereDyn-v9 (seed 44),sphere_ttc_v22,2018-2019,120,v1000,m s^-1,2.5010852850057828,0.7942029882875866,730
spheredyn_v9,SphereDyn-v9 (seed 44),sphere_ttc_v22,2018-2019,120,u10,m s^-1,2.2294757673971017,0.7896833918238582,730
spheredyn_v9,SphereDyn-v9 (seed 44),sphere_ttc_v22,2018-2019,120,v10,m s^-1,2.2241131724825767,0.7875726035249357,730
spheredyn_v9,SphereDyn-v9 (seed 44),sphere_ttc_v22,2018-2019,120,t2m,K,1.4054626018542455,0.8342675850762394,730
spheredyn_v9,SphereDyn-v9 (seed 44),sphere_ttc_v22,2018-2019,120,mslp,Pa,357.0575461862239,0.8627694417214535,730
spheredyn_v9,SphereDyn-v9 (seed 44),sphere_ttc_v22,2018-2019,168,z50,m^2 s^-2,496.0794233801235,0.9044488633035294,730
spheredyn_v9,SphereDyn-v9 (seed 44),sphere_ttc_v22,2018-2019,168,z100,m^2 s^-2,460.6898556946776,0.8787280827644439,730
spheredyn_v9,SphereDyn-v9 (seed 44),sphere_ttc_v22,2018-2019,168,z200,m^2 s^-2,606.4053653836647,0.8227880840455466,730
spheredyn_v9,SphereDyn-v9 (seed 44),sphere_ttc_v22,2018-2019,168,z300,m^2 s^-2,665.341630819878,0.7922596809869596,730
spheredyn_v9,SphereDyn-v9 (seed 44),sphere_ttc_v22,2018-2019,168,z500,m^2 s^-2,494.7895229970386,0.7866941543997046,730
spheredyn_v9,SphereDyn-v9 (seed 44),sphere_ttc_v22,2018-2019,168,z700,m^2 s^-2,384.14065991085425,0.7788521311900327,730
spheredyn_v9,SphereDyn-v9 (seed 44),sphere_ttc_v22,2018-2019,168,z850,m^2 s^-2,347.98546263095943,0.7761262451929183,730
spheredyn_v9,SphereDyn-v9 (seed 44),sphere_ttc_v22,2018-2019,168,z925,m^2 s^-2,349.21009639993815,0.7686611816177353,730
spheredyn_v9,SphereDyn-v9 (seed 44),sphere_ttc_v22,2018-2019,168,z1000,m^2 s^-2,358.3833090432234,0.762948564694873,730
spheredyn_v9,SphereDyn-v9 (seed 44),sphere_ttc_v22,2018-2019,168,q50,kg kg^-1,7.415237662086176e-08,0.8186071683124165,730
spheredyn_v9,SphereDyn-v9 (seed 44),sphere_ttc_v22,2018-2019,168,q100,kg kg^-1,2.6696116137294626e-07,0.7212751286193234,730
spheredyn_v9,SphereDyn-v9 (seed 44),sphere_ttc_v22,2018-2019,168,q200,kg kg^-1,1.0437972966874883e-05,0.6606476971656621,730
spheredyn_v9,SphereDyn-v9 (seed 44),sphere_ttc_v22,2018-2019,168,q300,kg kg^-1,9.21125082180416e-05,0.6610295635010347,730
spheredyn_v9,SphereDyn-v9 (seed 44),sphere_ttc_v22,2018-2019,168,q500,kg kg^-1,0.0005780423753341181,0.672883545333616,730
spheredyn_v9,SphereDyn-v9 (seed 44),sphere_ttc_v22,2018-2019,168,q700,kg kg^-1,0.0011238620753653283,0.6572698161608866,730
spheredyn_v9,SphereDyn-v9 (seed 44),sphere_ttc_v22,2018-2019,168,q850,kg kg^-1,0.001306855722876188,0.6377637686732507,730
spheredyn_v9,SphereDyn-v9 (seed 44),sphere_ttc_v22,2018-2019,168,q925,kg kg^-1,0.001020230043130572,0.6805310137600055,730
spheredyn_v9,SphereDyn-v9 (seed 44),sphere_ttc_v22,2018-2019,168,q1000,kg kg^-1,0.0009788417470940048,0.72733952975049,730
spheredyn_v9,SphereDyn-v9 (seed 44),sphere_ttc_v22,2018-2019,168,t50,K,1.6632035334025563,0.8784354819663206,730
spheredyn_v9,SphereDyn-v9 (seed 44),sphere_ttc_v22,2018-2019,168,t100,K,1.7408616865065323,0.8444209997207214,730
spheredyn_v9,SphereDyn-v9 (seed 44),sphere_ttc_v22,2018-2019,168,t200,K,2.2938024881302197,0.7680794800239616,730
spheredyn_v9,SphereDyn-v9 (seed 44),sphere_ttc_v22,2018-2019,168,t300,K,1.6224899357414875,0.7594393876855776,730
spheredyn_v9,SphereDyn-v9 (seed 44),sphere_ttc_v22,2018-2019,168,t500,K,1.9964867016119554,0.7548036651278558,730
spheredyn_v9,SphereDyn-v9 (seed 44),sphere_ttc_v22,2018-2019,168,t700,K,2.0289922551057797,0.7550123673500089,730
spheredyn_v9,SphereDyn-v9 (seed 44),sphere_ttc_v22,2018-2019,168,t850,K,2.2075726987511386,0.7483001572566895,730
spheredyn_v9,SphereDyn-v9 (seed 44),sphere_ttc_v22,2018-2019,168,t925,K,2.079401443228303,0.73462727007312,730
spheredyn_v9,SphereDyn-v9 (seed 44),sphere_ttc_v22,2018-2019,168,t1000,K,1.824049425128911,0.7336526634485208,730
spheredyn_v9,SphereDyn-v9 (seed 44),sphere_ttc_v22,2018-2019,168,u50,m s^-1,3.3565654126588247,0.9044415989526035,730
spheredyn_v9,SphereDyn-v9 (seed 44),sphere_ttc_v22,2018-2019,168,u100,m s^-1,4.167405179474933,0.8213468746615271,730
spheredyn_v9,SphereDyn-v9 (seed 44),sphere_ttc_v22,2018-2019,168,u200,m s^-1,7.1581736968438845,0.786318366844529,730
spheredyn_v9,SphereDyn-v9 (seed 44),sphere_ttc_v22,2018-2019,168,u300,m s^-1,7.837491602277552,0.742855175079299,730
spheredyn_v9,SphereDyn-v9 (seed 44),sphere_ttc_v22,2018-2019,168,u500,m s^-1,5.4997114374226514,0.7318762332166857,730
spheredyn_v9,SphereDyn-v9 (seed 44),sphere_ttc_v22,2018-2019,168,u700,m s^-1,4.27647654993886,0.7208337421355404,730
spheredyn_v9,SphereDyn-v9 (seed 44),sphere_ttc_v22,2018-2019,168,u850,m s^-1,3.9002187792463014,0.6892722493603387,730
spheredyn_v9,SphereDyn-v9 (seed 44),sphere_ttc_v22,2018-2019,168,u925,m s^-1,3.8381182084762924,0.6739360830109609,730
spheredyn_v9,SphereDyn-v9 (seed 44),sphere_ttc_v22,2018-2019,168,u1000,m s^-1,2.9957052104364332,0.6785255545222637,730
spheredyn_v9,SphereDyn-v9 (seed 44),sphere_ttc_v22,2018-2019,168,v50,m s^-1,2.8053304523564297,0.8102376766423868,730
spheredyn_v9,SphereDyn-v9 (seed 44),sphere_ttc_v22,2018-2019,168,v100,m s^-1,3.979645102972993,0.7815567298290325,730
spheredyn_v9,SphereDyn-v9 (seed 44),sphere_ttc_v22,2018-2019,168,v200,m s^-1,7.391349258383304,0.7555899713332036,730
spheredyn_v9,SphereDyn-v9 (seed 44),sphere_ttc_v22,2018-2019,168,v300,m s^-1,8.02111325924521,0.7178584122534226,730
spheredyn_v9,SphereDyn-v9 (seed 44),sphere_ttc_v22,2018-2019,168,v500,m s^-1,5.447999706421618,0.7085383254022452,730
spheredyn_v9,SphereDyn-v9 (seed 44),sphere_ttc_v22,2018-2019,168,v700,m s^-1,4.123569328469528,0.6931474404029734,730
spheredyn_v9,SphereDyn-v9 (seed 44),sphere_ttc_v22,2018-2019,168,v850,m s^-1,3.7218075437577505,0.6688980356724503,730
spheredyn_v9,SphereDyn-v9 (seed 44),sphere_ttc_v22,2018-2019,168,v925,m s^-1,3.7830160934054375,0.6666540743143728,730
spheredyn_v9,SphereDyn-v9 (seed 44),sphere_ttc_v22,2018-2019,168,v1000,m s^-1,3.034959851212662,0.672126530650772,730
spheredyn_v9,SphereDyn-v9 (seed 44),sphere_ttc_v22,2018-2019,168,u10,m s^-1,2.680875762934257,0.6735977578715526,730
spheredyn_v9,SphereDyn-v9 (seed 44),sphere_ttc_v22,2018-2019,168,v10,m s^-1,2.6897120525210334,0.6649735268762554,730
spheredyn_v9,SphereDyn-v9 (seed 44),sphere_ttc_v22,2018-2019,168,t2m,K,1.7172127335137386,0.7335089197462187,730
spheredyn_v9,SphereDyn-v9 (seed 44),sphere_ttc_v22,2018-2019,168,mslp,Pa,454.83535863811835,0.7609799068854692,730
spheredyn_v9,SphereDyn-v9 (seed 44),sphere_ttc_v22,2018-2019,240,z50,m^2 s^-2,656.7786454231776,0.8217120257830873,730
spheredyn_v9,SphereDyn-v9 (seed 44),sphere_ttc_v22,2018-2019,240,z100,m^2 s^-2,613.2948282525309,0.7688283829541152,730
spheredyn_v9,SphereDyn-v9 (seed 44),sphere_ttc_v22,2018-2019,240,z200,m^2 s^-2,789.6720824058327,0.6681413807485964,730
spheredyn_v9,SphereDyn-v9 (seed 44),sphere_ttc_v22,2018-2019,240,z300,m^2 s^-2,846.9249538924242,0.6268547965775936,730
spheredyn_v9,SphereDyn-v9 (seed 44),sphere_ttc_v22,2018-2019,240,z500,m^2 s^-2,626.7229646348417,0.6207302954818628,730
spheredyn_v9,SphereDyn-v9 (seed 44),sphere_ttc_v22,2018-2019,240,z700,m^2 s^-2,483.95892102858346,0.6104108122307135,730
spheredyn_v9,SphereDyn-v9 (seed 44),sphere_ttc_v22,2018-2019,240,z850,m^2 s^-2,437.11948591893525,0.5920655082260278,730
spheredyn_v9,SphereDyn-v9 (seed 44),sphere_ttc_v22,2018-2019,240,z925,m^2 s^-2,436.47153394750694,0.5815560528131526,730
spheredyn_v9,SphereDyn-v9 (seed 44),sphere_ttc_v22,2018-2019,240,z1000,m^2 s^-2,446.57000057209274,0.5732075513552499,730
spheredyn_v9,SphereDyn-v9 (seed 44),sphere_ttc_v22,2018-2019,240,q50,kg kg^-1,8.601450319708701e-08,0.7439830600203838,730
spheredyn_v9,SphereDyn-v9 (seed 44),sphere_ttc_v22,2018-2019,240,q100,kg kg^-1,2.9898565800488863e-07,0.6205386967007427,730
spheredyn_v9,SphereDyn-v9 (seed 44),sphere_ttc_v22,2018-2019,240,q200,kg kg^-1,1.1727283715027439e-05,0.5315231671174849,730
spheredyn_v9,SphereDyn-v9 (seed 44),sphere_ttc_v22,2018-2019,240,q300,kg kg^-1,0.00010385464426138602,0.5276116898072265,730
spheredyn_v9,SphereDyn-v9 (seed 44),sphere_ttc_v22,2018-2019,240,q500,kg kg^-1,0.0006539406334732161,0.5369241638376417,730
spheredyn_v9,SphereDyn-v9 (seed 44),sphere_ttc_v22,2018-2019,240,q700,kg kg^-1,0.0012701488152776924,0.510284418387237,730
spheredyn_v9,SphereDyn-v9 (seed 44),sphere_ttc_v22,2018-2019,240,q850,kg kg^-1,0.0014664885571663818,0.48917063188438475,730
spheredyn_v9,SphereDyn-v9 (seed 44),sphere_ttc_v22,2018-2019,240,q925,kg kg^-1,0.0011772423817643812,0.5227016348524838,730
spheredyn_v9,SphereDyn-v9 (seed 44),sphere_ttc_v22,2018-2019,240,q1000,kg kg^-1,0.0011763633062893627,0.5554610275864321,730
spheredyn_v9,SphereDyn-v9 (seed 44),sphere_ttc_v22,2018-2019,240,t50,K,2.0026528608117595,0.8125706580804829,730
spheredyn_v9,SphereDyn-v9 (seed 44),sphere_ttc_v22,2018-2019,240,t100,K,2.224348995752101,0.7209287476765817,730
spheredyn_v9,SphereDyn-v9 (seed 44),sphere_ttc_v22,2018-2019,240,t200,K,2.7737209053239575,0.618345908381758,730
spheredyn_v9,SphereDyn-v9 (seed 44),sphere_ttc_v22,2018-2019,240,t300,K,1.9603495970647058,0.6046551179465606,730
spheredyn_v9,SphereDyn-v9 (seed 44),sphere_ttc_v22,2018-2019,240,t500,K,2.4569960306799015,0.5722425290098447,730
spheredyn_v9,SphereDyn-v9 (seed 44),sphere_ttc_v22,2018-2019,240,t700,K,2.502748800892321,0.5715906308820171,730
spheredyn_v9,SphereDyn-v9 (seed 44),sphere_ttc_v22,2018-2019,240,t850,K,2.709633381196429,0.5647245990552634,730
spheredyn_v9,SphereDyn-v9 (seed 44),sphere_ttc_v22,2018-2019,240,t925,K,2.5234326259061683,0.5530561621492056,730
spheredyn_v9,SphereDyn-v9 (seed 44),sphere_ttc_v22,2018-2019,240,t1000,K,2.1983182388647764,0.5635199901184096,730
spheredyn_v9,SphereDyn-v9 (seed 44),sphere_ttc_v22,2018-2019,240,u50,m s^-1,4.154590892874742,0.8462854825299648,730
spheredyn_v9,SphereDyn-v9 (seed 44),sphere_ttc_v22,2018-2019,240,u100,m s^-1,5.197418385311877,0.6994667269007722,730
spheredyn_v9,SphereDyn-v9 (seed 44),sphere_ttc_v22,2018-2019,240,u200,m s^-1,8.88577699807331,0.6258478789612373,730
spheredyn_v9,SphereDyn-v9 (seed 44),sphere_ttc_v22,2018-2019,240,u300,m s^-1,9.49228920696135,0.569234027835193,730
spheredyn_v9,SphereDyn-v9 (seed 44),sphere_ttc_v22,2018-2019,240,u500,m s^-1,6.619502814830058,0.5557027331416907,730
spheredyn_v9,SphereDyn-v9 (seed 44),sphere_ttc_v22,2018-2019,240,u700,m s^-1,5.096443255344557,0.5476180018579272,730
spheredyn_v9,SphereDyn-v9 (seed 44),sphere_ttc_v22,2018-2019,240,u850,m s^-1,4.5819267178787815,0.5084082144030297,730
spheredyn_v9,SphereDyn-v9 (seed 44),sphere_ttc_v22,2018-2019,240,u925,m s^-1,4.489735720994004,0.4861576305112865,730
spheredyn_v9,SphereDyn-v9 (seed 44),sphere_ttc_v22,2018-2019,240,u1000,m s^-1,3.51501818683046,0.4897345576472793,730
spheredyn_v9,SphereDyn-v9 (seed 44),sphere_ttc_v22,2018-2019,240,v50,m s^-1,3.5997907466327406,0.6463267979485414,730
spheredyn_v9,SphereDyn-v9 (seed 44),sphere_ttc_v22,2018-2019,240,v100,m s^-1,5.0133043614318185,0.6110131520346244,730
spheredyn_v9,SphereDyn-v9 (seed 44),sphere_ttc_v22,2018-2019,240,v200,m s^-1,9.181220940225781,0.5486751632299715,730
spheredyn_v9,SphereDyn-v9 (seed 44),sphere_ttc_v22,2018-2019,240,v300,m s^-1,9.723220786080907,0.5055046404434314,730
spheredyn_v9,SphereDyn-v9 (seed 44),sphere_ttc_v22,2018-2019,240,v500,m s^-1,6.545518354437013,0.5019438253102426,730
spheredyn_v9,SphereDyn-v9 (seed 44),sphere_ttc_v22,2018-2019,240,v700,m s^-1,4.8986270420234135,0.49007904763653,730
spheredyn_v9,SphereDyn-v9 (seed 44),sphere_ttc_v22,2018-2019,240,v850,m s^-1,4.365121207384037,0.46325027961631826,730
spheredyn_v9,SphereDyn-v9 (seed 44),sphere_ttc_v22,2018-2019,240,v925,m s^-1,4.444662816844442,0.4569256599710082,730
spheredyn_v9,SphereDyn-v9 (seed 44),sphere_ttc_v22,2018-2019,240,v1000,m s^-1,3.5823744994815003,0.4628113907339483,730
spheredyn_v9,SphereDyn-v9 (seed 44),sphere_ttc_v22,2018-2019,240,u10,m s^-1,3.1323450101125463,0.48584318432787965,730
spheredyn_v9,SphereDyn-v9 (seed 44),sphere_ttc_v22,2018-2019,240,v10,m s^-1,3.1567170919587753,0.4566701158384841,730
spheredyn_v9,SphereDyn-v9 (seed 44),sphere_ttc_v22,2018-2019,240,t2m,K,2.0610867547968676,0.5711748138745592,730
spheredyn_v9,SphereDyn-v9 (seed 44),sphere_ttc_v22,2018-2019,240,mslp,Pa,565.8853354191693,0.571469513821394,730
