lead_time_hours,variable,family,raw_rmse,scheduled_rmse,relative_rmse_gain,raw_acc,scheduled_acc,acc_delta
24,z50,geopotential,157.5568298225435,152.0543274359027,0.03492392169122893,0.9938924164560292,0.994309179888937,0.00041676343290775186
24,z100,geopotential,87.87208821295602,82.80180105309545,0.05770077009633412,0.9968694577566386,0.9972184624794433,0.0003490047228047466
24,z200,geopotential,97.01633590411281,83.30462462015501,0.1413340460261241,0.996112317157808,0.9971360363617702,0.001023719203962159
24,z300,geopotential,107.64628644673786,89.74568123398225,0.16629096835228607,0.9952107813677216,0.9966740033595314,0.0014632219918098155
24,z500,geopotential,78.65063142554598,67.24906436163056,0.14496472383325532,0.9952261463128822,0.9965131635477184,0.001287017234836152
24,z700,geopotential,61.80849437598984,55.22133006084845,0.1065737708327068,0.9949734120143846,0.9959904542390784,0.0010170422246937871
24,z850,geopotential,60.41347842524535,54.61769167402715,0.0959353260612168,0.993957006044331,0.9950583468927384,0.001101340848407406
24,z925,geopotential,63.69467960800576,56.91611740083745,0.10642273811384884,0.9931720877998167,0.9945384679962873,0.001366380196470618
24,z1000,geopotential,67.88564402490549,60.817410146402736,0.10411971455864222,0.9925146701574357,0.9939819311593596,0.0014672610019239585
24,q50,humidity,4.238223297698378e-08,4.238223275173661e-08,5.314660267430327e-09,0.9732908028740721,0.973290804113738,1.2396659254676479e-09
24,q100,humidity,1.4231408981836064e-07,1.4231408872881326e-07,7.655934664008157e-09,0.932134715196943,0.9321347160199842,8.230411907561574e-10
24,q200,humidity,6.088829697489819e-06,6.088828543867664e-06,1.8946533453245706e-07,0.9084024802421473,0.9084025163278578,3.608571053081988e-08
24,q300,humidity,4.903786848924375e-05,4.9033032229223355e-05,9.862296566698348e-05,0.9215158097995155,0.9215311520873694,1.534228785382563e-05
24,q500,humidity,0.0002756135476606394,0.0002756135476606394,0.0,0.9366623052056923,0.9366623052056923,0.0
24,q700,humidity,0.000510573276954172,0.0005105582900741744,2.935304426243679e-05,0.9389846890266755,0.9389883896671363,3.7006404607353716e-06
24,q850,humidity,0.0006267648709614055,0.0006266190798369539,0.00023260895944587912,0.9273484549924366,0.9273831833170457,3.472832460915676e-05
24,q925,humidity,0.000480607680200748,0.0004751718932132327,0.011310237458637462,0.9374557633000122,0.9389021548300609,0.001446391530048663
24,q1000,humidity,0.00041087255445311423,0.00039878230342562813,0.029425793707683057,0.9578066823856033,0.9602992770089546,0.002492594623351274
24,t50,temperature,1.0445213034387328,1.00803649311202,0.03492969478611774,0.9563125009637015,0.9593755539232384,0.003063052959536905
24,t100,temperature,0.7002741502553437,0.6866990179134681,0.01938545402100822,0.980835233947629,0.9815768177156967,0.0007415837680677662
24,t200,temperature,0.5766851031876672,0.5210312291738232,0.09650652272134885,0.988032799575781,0.9902094287912386,0.0021766292154575817
24,t300,temperature,0.44061618159548294,0.42111834820624855,0.04425128763685482,0.9850572426239197,0.9863572423897333,0.0012999997658136309
24,t500,temperature,0.47357686378363684,0.4387067879146995,0.07363129100172516,0.9877664705638668,0.9894987866623922,0.0017323160985254216
24,t700,temperature,0.49402782396242556,0.46253473725958455,0.06374759714998623,0.9870827945764151,0.9886841683530538,0.0016013737766387148
24,t850,temperature,0.6069084969172365,0.5843534986169311,0.03716375436309172,0.9830901114903942,0.9843241788169719,0.0012340673265777147
24,t925,temperature,0.605816481612251,0.5858573297988604,0.032945871264963844,0.9803784781573222,0.9816509716130661,0.0012724934557439838
24,t1000,temperature,0.6211279910017268,0.6028145830809777,0.029484113075010643,0.9737616590054519,0.9753088112922689,0.0015471522868170107
24,u50,zonal_wind,1.6655357183367516,1.6423949649021885,0.013893880016978666,0.9789853684056025,0.9795705713802877,0.0005852029746852283
24,u100,zonal_wind,1.5172949529706967,1.5103212284724596,0.00459615612942188,0.9804966434974242,0.9806766615886116,0.00018001809118739498
24,u200,zonal_wind,1.8466843564975632,1.8030422729106534,0.02363267086405696,0.9869014223444984,0.9875173494798692,0.0006159271353708418
24,u300,zonal_wind,1.9472957216752833,1.8806606091351032,0.03421930824294783,0.985732459365797,0.9866986962578773,0.0009662368920803077
24,u500,zonal_wind,1.4461371544012438,1.4176846986772988,0.019674797537253874,0.9834256366574904,0.9840757199081843,0.0006500832506939336
24,u700,zonal_wind,1.1925207403755624,1.18016618638635,0.010360032803556685,0.9806401731950574,0.9810416827402387,0.0004015095451813666
24,u850,zonal_wind,1.1346671987219012,1.1125302692590293,0.01950962316334437,0.9770824127679271,0.9779750791120919,0.0008926663441648497
24,u925,zonal_wind,1.0814735445934947,1.052852734221515,0.026464642168142594,0.9776514166861202,0.9788275844287412,0.0011761677426209705
24,u1000,zonal_wind,0.8650032581490114,0.8408458236136508,0.027927564789818393,0.976568436244921,0.9778696199867679,0.0013011837418469563
24,v50,meridional_wind,1.3341599219282998,1.3051975333411585,0.021708333544663172,0.9665778219986023,0.9680346277770484,0.0014568057784460908
24,v100,meridional_wind,1.422721537948286,1.3925882663819027,0.02118002065944591,0.9750711739794172,0.9761266277784666,0.0010554537990493662
24,v200,meridional_wind,1.9527116208395914,1.81408311959784,0.07099281827500281,0.9835354720918876,0.9857916497012752,0.0022561776093875663
24,v300,meridional_wind,2.08240639071557,1.8630564544496218,0.10533483629512574,0.9822815345378116,0.9858290396144122,0.00354750507660051
24,v500,meridional_wind,1.495682985981406,1.3745731612941687,0.0809729239567234,0.9798658098522812,0.982994569254573,0.0031287594022917364
24,v700,meridional_wind,1.195750077498135,1.1273040194855168,0.057241106900722594,0.9768056702786693,0.9793884890666943,0.002582818788025021
24,v850,meridional_wind,1.136022565197626,1.0684349482323376,0.059494959902958056,0.9728582595258002,0.9759946131586108,0.003136353632810618
24,v925,meridional_wind,1.11982910267223,1.0403055574648807,0.07101400116998524,0.9745427606487213,0.9780313967052183,0.003488636056497074
24,v1000,meridional_wind,0.9099286967229366,0.8540060394562432,0.06145828510310325,0.9744149414117712,0.9774740050954952,0.003059063683723995
24,u10,zonal_wind,0.7840908707294056,0.7615374101397137,0.02876383520281456,0.9755111199316383,0.9769140944808544,0.0014029745492161183
24,v10,meridional_wind,0.8166704245397695,0.7687358361027026,0.058695144328362536,0.9731449725493352,0.9762254515239359,0.003080478974600731
24,t2m,temperature,0.7969087535110763,0.7658298999312672,0.0389992623909321,0.9516051586575461,0.9553239789496231,0.0037188202920769298
24,mslp,mslp,86.28109582582319,77.19501025386461,0.10530795286027406,0.9924755123353716,0.9939662460484618,0.0014907337130902754
72,z50,geopotential,309.4591735601611,306.2112968584402,0.010495331789185047,0.9762262650819152,0.9767212721316845,0.000495007049769236
72,z100,geopotential,171.81045732225562,170.8906127785197,0.005353833276926845,0.9879847249288828,0.9881130279322876,0.00012830300340482825
72,z200,geopotential,181.7423538321295,177.334782141882,0.024251758587426897,0.9863120147823958,0.9869695499569098,0.0006575351745139457
72,z300,geopotential,205.49160342684598,199.96020509466206,0.026917880049308618,0.9824831607059815,0.9834036516491355,0.0009204909431539399
72,z500,geopotential,153.36374425632067,151.15763531037328,0.01438481406831238,0.9817656148598248,0.9822882382282062,0.0005226233683813808
72,z700,geopotential,121.14399644457175,120.42155375437252,0.005963503858235186,0.9805977233675437,0.9808288179086773,0.00023109454113356964
72,z850,geopotential,115.50855866770631,114.98143008354043,0.004563545682206294,0.9777764265089993,0.9779730651451051,0.00019663863610575039
72,z925,geopotential,119.29823150627453,117.47364371415375,0.015294340654369298,0.9758907463119858,0.9765883272061524,0.0006975808941666051
72,z1000,geopotential,124.30987538293626,122.75171797414346,0.012534461996626556,0.974736167294298,0.9753287949682589,0.0005926276739608438
72,q50,humidity,6.43002637483568e-08,6.430022265443191e-08,6.39094188681355e-07,0.9380802486700136,0.9380803175611548,6.889114123609374e-08
72,q100,humidity,2.0460739898465964e-07,2.0460320549772794e-07,2.0495284884680665e-05,0.855381269271573,0.8553870208523864,5.7515808133956625e-06
72,q200,humidity,8.10124699591832e-06,8.094319225448473e-06,0.0008551486546869436,0.8334239508032408,0.8336287305389237,0.00020477973568289176
72,q300,humidity,6.8195268998822e-05,6.819465322726275e-05,9.029534868032485e-06,0.8436327456821339,0.8436337518181289,1.0061359950741533e-06
72,q500,humidity,0.0003991037240004543,0.0003991037240004543,0.0,0.8633698655078202,0.8633698655078202,0.0
72,q700,humidity,0.0007597173670540153,0.0007591937385197465,0.0006892412323009633,0.8607077217184271,0.8608617390622121,0.00015401734378495124
72,q850,humidity,0.0008916349947249963,0.0008916025238662743,3.6417209860584165e-05,0.8477377463068051,0.8477474215165675,9.675209762360915e-06
72,q925,humidity,0.000668254605124031,0.0006577741256310739,0.0156833629167612,0.876568879560346,0.8800314208476416,0.0034625412872956174
72,q1000,humidity,0.0005738109640261818,0.0005591799689008492,0.02549793580567583,0.916725615403158,0.9206959470603981,0.003970331657240145
72,t50,temperature,1.652407753810919,1.5764929614813246,0.04594192453679391,0.8889934477051671,0.8989091493686397,0.009915701663472665
72,t100,temperature,1.1027951712111843,1.088574898020268,0.012894754676245346,0.9520474773495623,0.9532665764929794,0.0012190991434171128
72,t200,temperature,1.0047664159940102,0.9880541706158814,0.01663296574417794,0.9632720644211338,0.9644231407529457,0.0011510763318118844
72,t300,temperature,0.7550677140190584,0.7488943276201535,0.008175937448106851,0.9555201705826594,0.9562342008243301,0.0007140302416707156
72,t500,temperature,0.8178855770886153,0.8093640734125767,0.010418943571999684,0.9633094166891752,0.96398435558481,0.0006749388956347468
72,t700,temperature,0.8370591065489073,0.8254783020555257,0.013835109615051855,0.9624697075148029,0.9634937153517882,0.0010240078369853078
72,t850,temperature,0.9647054551397993,0.9559623012577604,0.009063029379026255,0.9567054204626777,0.9574787307744728,0.0007733103117950613
72,t925,temperature,0.9497395319338785,0.9389514215530287,0.011359020045088375,0.9510353458181582,0.9521462841143065,0.0011109382961482783
72,t1000,temperature,0.9002944247199782,0.8912224816632881,0.010076640271888593,0.9442284511301897,0.9453162063162669,0.0010877551860771772
72,u50,zonal_wind,2.6030582287361104,2.577452193410546,0.009836904546694392,0.9480561439855105,0.9490954114118284,0.0010392674263178803
72,u100,zonal_wind,2.286275997997335,2.2737801821686885,0.005465576264454541,0.9553538585220834,0.9558444411464154,0.0004905826243319922
72,u200,zonal_wind,3.075869369912904,3.075063346497737,0.00026204734929613505,0.9635029212545207,0.963519738790109,1.6817535588242727e-05
72,u300,zonal_wind,3.479625407911191,3.4753965419920037,0.0012153221750745846,0.9541262598664866,0.9542209354045641,9.46755380775155e-05
72,u500,zonal_wind,2.510975640306155,2.5108452731559407,5.191892271738663e-05,0.9494403800182596,0.9494450829590814,4.702940821776913e-06
72,u700,zonal_wind,2.0127634610646807,2.0127634610646807,0.0,0.9440795494270746,0.9440795494270746,0.0
72,u850,zonal_wind,1.8814652529710747,1.8811631112841904,0.00016058850218314547,0.9360593457910391,0.9360778847588496,1.8538967810455276e-05
72,u925,zonal_wind,1.8281190118544168,1.8269648404340895,0.0006313436996405741,0.9352606100588646,0.9353313526069162,7.074254805161662e-05
72,u1000,zonal_wind,1.4264452078414893,1.4250442816122604,0.0009821100884406242,0.935463616548882,0.9355737527265209,0.0001101361776388865
72,v50,meridional_wind,1.9463570010161708,1.9264582501467855,0.010223587378367038,0.9276080570972706,0.929133047265262,0.001524990167991458
72,v100,meridional_wind,1.9906215500702922,1.9866142565961542,0.0020130865527887565,0.9505687095898685,0.9507659507007626,0.00019724111089414187
72,v200,meridional_wind,3.126691113641567,3.078238387462559,0.01549648635505163,0.9573203371148731,0.9585486889022417,0.0012283517873685756
72,v300,meridional_wind,3.4680495848210833,3.378249416143865,0.025893565383336647,0.9502163210960187,0.9526303036251152,0.0024139825290965256
72,v500,meridional_wind,2.442313226979149,2.3986535560906073,0.017876360167996874,0.9454229008599804,0.9472856106599423,0.001862709799961948
72,v700,meridional_wind,1.9227899314645565,1.9063401438842462,0.008555166277462667,0.938899926249051,0.9399132562793505,0.0010133300302994641
72,v850,meridional_wind,1.7934784154337056,1.77446899679623,0.010599190084414123,0.9310536957991389,0.9324375729204561,0.0013838771213172674
72,v925,meridional_wind,1.7925032351921428,1.763234767688458,0.016328264813729843,0.9336502998678048,0.935661234932266,0.002010935064461261
72,v1000,meridional_wind,1.4372416527185314,1.4158837182837873,0.014860364222220923,0.9352151443975079,0.9369869110282841,0.0017717666307762725
72,u10,zonal_wind,1.293562079315218,1.2921853009382418,0.0010643311202389594,0.9324340325914884,0.9325584397195392,0.00012440712805084075
72,v10,meridional_wind,1.2932483576763765,1.2759953550526237,0.013340827012339518,0.9315949938102238,0.9332711456657377,0.001676151855513841
72,t2m,temperature,1.0155563097154157,0.9891009702625077,0.026050096090015407,0.9208427630156522,0.9245160640177236,0.0036733010020714163
72,mslp,mslp,157.60038624704757,155.58280357326407,0.012801889143982281,0.9747321016162857,0.9753389017332158,0.0006068001169301507
120,z50,geopotential,437.19265087272163,435.41231896736485,0.0040721908334984125,0.9520121356816645,0.9524125449979733,0.00040040931630880294
120,z100,geopotential,293.9273144503354,293.6905407937199,0.0008055517298836135,0.9646597625134063,0.9647062800809169,4.651756751050673e-05
120,z200,geopotential,355.0535895818868,354.83608577075796,0.0006125943167761827,0.9474492028372956,0.9474958722205028,4.666938320718739e-05
120,z300,geopotential,404.8888986322739,404.1456205526061,0.0018357581108758847,0.9315557152667548,0.9317190007151391,0.00016328544838428716
120,z500,geopotential,301.960996791811,301.7942989899489,0.0005520507735541358,0.9286507684472886,0.9287058069945596,5.503854727106905e-05
120,z700,geopotential,236.83192855848978,236.81799870299326,5.881747271707649e-05,0.9250692201476952,0.9250710501554884,1.8300077931909797e-06
120,z850,geopotential,223.00006567608582,222.96547115573318,0.00015513233257469228,0.9164552963764507,0.9164459881738374,-9.308202613356187e-06
120,z925,geopotential,227.71843096655545,227.20399080498885,0.0022591063858250493,0.9115231384698088,0.911700739598413,0.00017760112860421007
120,z1000,geopotential,235.53759941897374,235.15326221709944,0.001631744582700989,0.9086522347400154,0.9087705342330566,0.00011829949304120735
120,q50,humidity,7.937664867019174e-08,7.937616234099271e-08,6.126854776189461e-06,0.9046220257716275,0.9046231094621034,1.083690475911503e-06
120,q100,humidity,2.49935769952041e-07,2.498950179304558e-07,0.0001630499771720917,0.7828326643608027,0.7828924773697642,5.9813008961517866e-05
120,q200,humidity,9.797991867224445e-06,9.69742157749775e-06,0.010264377751028286,0.7553415419886955,0.7571565993994646,0.0018150574107690387
120,q300,humidity,8.541548218427078e-05,8.417651940360506e-05,0.014505131259375692,0.7535316465932764,0.7553534241429964,0.0018217775497200162
120,q500,humidity,0.0005167499375790229,0.0005119406197977457,0.009306857014456438,0.7681873707776282,0.7694321842561159,0.0012448134784877052
120,q700,humidity,0.0009984199222816258,0.000984452055742738,0.013989971781580679,0.7554347924741628,0.7577427734291579,0.0023079809549950703
120,q850,humidity,0.0011451967777111607,0.0011345050414321384,0.009336156446747346,0.7426379107480879,0.7446368960187271,0.001998985270639131
120,q925,humidity,0.000874930081209405,0.0008528791322785245,0.025203098401188506,0.7861781968612565,0.7923108653475937,0.0061326684863372005
120,q1000,humidity,0.0007849808576893527,0.0007658359483192432,0.024389014308532242,0.8428856425240311,0.8479875780933394,0.005101935569308269
120,t50,temperature,2.0310320813056895,1.9128734353435333,0.058176651688434,0.8317439117451892,0.8498113189132287,0.01806740716803945
120,t100,temperature,1.4933044534247921,1.4814782633261356,0.007919476883320065,0.9114571482074744,0.9126813475733647,0.001224199365890355
120,t200,temperature,1.6911258759998096,1.674068590955626,0.01008634856000834,0.8950836996179794,0.8963708572762579,0.0012871576582784705
120,t300,temperature,1.1909281453349654,1.1730904511807423,0.014977976819253058,0.8882456725120075,0.890442152919043,0.0021964804070355726
120,t500,temperature,1.4091319808817404,1.3863822040669103,0.01614453232449875,0.8906987165211413,0.8924116221947704,0.0017129056736291393
120,t700,temperature,1.4192486635862258,1.408222903937618,0.0077687299847424285,0.8909899649466794,0.8920031861768032,0.0010132212301238175
120,t850,temperature,1.5693203357165109,1.5544326207300825,0.009486727883145085,0.8841110029315496,0.8854556510914406,0.0013446481598909932
120,t925,temperature,1.516418503432163,1.5012043160827173,0.010032973954756441,0.8736433502304983,0.8752791807878866,0.0016358305573882514
120,t1000,temperature,1.3687386665271941,1.3542541989533965,0.01058234703820271,0.8702005469015834,0.8718584949025794,0.0016579480009959457
120,u50,zonal_wind,3.2709527227079103,3.241023470078156,0.00915001076658073,0.9172956216318983,0.9188115188960462,0.001515897264147914
120,u100,zonal_wind,3.160643793815007,3.134525250750183,0.008263678151880005,0.9139724115532325,0.9152142463992328,0.001241834846000267
120,u200,zonal_wind,4.962386739998635,4.9568744795236555,0.0011108083194220075,0.9046779983840548,0.9047713026614592,9.330427740439351e-05
120,u300,zonal_wind,5.79423057794655,5.736830910798738,0.009906348457426106,0.8722195447794828,0.8731977421211855,0.0009781973417026801
120,u500,zonal_wind,4.083375984059337,4.066411372383708,0.004154555383059311,0.8647007612854828,0.8651703055641449,0.0004695442786620818
120,u700,zonal_wind,3.198419892455766,3.1904438255989733,0.002493752266738425,0.8566936499607589,0.8569866841331496,0.00029303417239068263
120,u850,zonal_wind,3.0018174675671707,2.9831038238042837,0.006234104493386683,0.8348865285346693,0.8355668587207122,0.0006803301860429656
120,u925,zonal_wind,2.980696672267605,2.9470801303905114,0.011278082130886324,0.8257274056778352,0.8270257435896999,0.0012983379118647331
120,u1000,zonal_wind,2.3049734129217416,2.280471593711117,0.010629979102260712,0.8295484504057464,0.8307172741434268,0.0011688237376803468
120,v50,meridional_wind,2.456015940820789,2.445219824789388,0.004395784185257767,0.8825387041603173,0.8835555532796058,0.0010168491192884543
120,v100,meridional_wind,2.789241895768427,2.7888439156049025,0.0001426839902728405,0.9012804955893057,0.9013006569827534,2.0161393447737375e-05
120,v200,meridional_wind,5.013786600723286,4.989393069367697,0.004865291105941694,0.8889750093845818,0.8894523568723269,0.0004773474877450834
120,v300,meridional_wind,5.742370618884851,5.64143076856097,0.0175780800340406,0.8617124192365929,0.8640838042797384,0.002371385043145491
120,v500,meridional_wind,3.9717104609460394,3.919498374185318,0.013145995226521268,0.8528292534450876,0.8548194060932024,0.0019901526481147513
120,v700,meridional_wind,3.0599299878512904,3.0373292967181347,0.007386015766009835,0.8414602401935094,0.842614028593942,0.001153788400432565
120,v850,meridional_wind,2.842768167541037,2.808739859104203,0.01197013137594971,0.8228531168663502,0.8246741854484562,0.0018210685821059558
120,v925,meridional_wind,2.893234528811202,2.8473446199889905,0.01586110920674899,0.8238717586271498,0.826132906345782,0.0022611477186321727
120,v1000,meridional_wind,2.3034544861298643,2.2716091632860502,0.013825028033142894,0.8308657394183023,0.8326042337018511,0.0017384942835487749
120,u10,zonal_wind,2.079913833429808,2.054656875034328,0.012143271509392761,0.8232568720737229,0.8246508376802784,0.0013939656065554695
120,v10,meridional_wind,2.0632742791106993,2.0321214633666123,0.015098727328445305,0.8229458826166376,0.82493456555877,0.0019886829421323915
120,t2m,temperature,1.3914819085551529,1.3657840302303201,0.018467993127928017,0.8510956598126411,0.8540405953976321,0.002944935584990982
120,mslp,mslp,298.7811544369392,298.28271044441766,0.0016682578038124118,0.9085510805709572,0.9086780419035209,0.0001269613325636243
168,z50,geopotential,584.3206189996042,581.4131454747771,0.004975818806128851,0.9134626042619731,0.9142369922294522,0.0007743879674790843
168,z100,geopotential,470.0615125316309,468.3828440739264,0.00357116763009091,0.9103799932241375,0.9106184057156156,0.0002384124914780461
168,z200,geopotential,601.1755522765831,596.2468208622329,0.008198489435715772,0.84968208971092,0.8504208236712367,0.000738733960316762
168,z300,geopotential,670.4548563441776,659.3374619296961,0.0165818687258108,0.8117711383682077,0.8134253788795575,0.0016542405113497693
168,z500,geopotential,497.18660607486794,492.4752617673997,0.009476008102194955,0.8052961451796937,0.8060456766177417,0.0007495314380480123
168,z700,geopotential,386.6103430531878,383.2536846582594,0.008682277790138304,0.7986631536758622,0.7992121843708784,0.0005490306950162172
168,z850,geopotential,358.7544890691322,352.9750910404012,0.016109618708122442,0.7823678979680353,0.7835418359471736,0.0011739379791383397
168,z925,geopotential,363.8404884584269,354.6777357470175,0.025183433405752798,0.7730193008183447,0.7753432285892534,0.002323927770908729
168,z1000,geopotential,374.82194637333373,364.73139128720544,0.026920929213888112,0.7675852972454631,0.7700400198282576,0.002454722582794555
168,q50,humidity,9.324386891278994e-08,9.324196324170897e-08,2.0437494745562113e-05,0.8653843303281161,0.8653897987058152,5.468377699102689e-06
168,q100,humidity,2.904663154663708e-07,2.903511137114099e-07,0.00039660968872035074,0.7093609213307904,0.7095233277165424,0.00016240638575193422
168,q200,humidity,1.1719571616488849e-05,1.1246144904279343e-05,0.04039624720953261,0.6578684237419212,0.6617855187863623,0.0039170950444410435
168,q300,humidity,0.00010382625019717418,9.905196742625827e-05,0.045983388226476185,0.6415214184300365,0.6448273159189697,0.003305897488933174
168,q500,humidity,0.0006383437185760492,0.0006133440472678344,0.03916333877927314,0.6477105210656704,0.651118675133868,0.003408154068197611
168,q700,humidity,0.0012365768241696874,0.00118784407231678,0.03940940093683998,0.6232603973763675,0.6268584853824194,0.0035980880060518805
168,q850,humidity,0.0014083397925720037,0.0013618395109757755,0.03301779999506105,0.6058968650256529,0.6099879791299251,0.004091114104272209
168,q925,humidity,0.0011161033509983766,0.0010650637251572225,0.0457301967559709,0.6519332936962439,0.6605093886174543,0.008576094921210475
168,q1000,humidity,0.0010551531885989215,0.0010123376629432614,0.0405775446809884,0.7157322415133179,0.7232230400730805,0.007490798559762535
168,t50,temperature,2.365486617294932,2.2089677229200917,0.06616773615647353,0.7727518326537938,0.7985188153392063,0.025766982685412554
168,t100,temperature,1.9568850899145327,1.9339085964738973,0.011741360573010895,0.8475748016096022,0.849713520865276,0.002138719255673771
168,t200,temperature,2.4999227143155602,2.392433315168967,0.0429970888824146,0.7700464870720978,0.7776296984935958,0.007583211421497982
168,t300,temperature,1.710118702995247,1.6349649136316349,0.04394653378855007,0.771264004787812,0.7784657579532587,0.007201753165446689
168,t500,temperature,2.127442414863773,2.025249658797843,0.04803549809477392,0.7515135665291595,0.757371479500054,0.005857912970894552
168,t700,temperature,2.1346890906765315,2.054108828274094,0.037748008716763426,0.7527213022429745,0.7581024343141005,0.005381132071126005
168,t850,temperature,2.3263635749218508,2.24243605216189,0.03607670084964265,0.7443895131426794,0.7493203835301199,0.004930870387440445
168,t925,temperature,2.209721537124701,2.1296376610131658,0.03624161450484886,0.7310451248596932,0.7366455327661114,0.005600407906418248
168,t1000,temperature,1.9539182054936848,1.8875470380527064,0.033968242505938884,0.7359056425579246,0.7412120811044082,0.005306438546483605
168,u50,zonal_wind,4.011224956299386,3.9531133284048683,0.014487252280193541,0.8747229185284179,0.8780281092405599,0.00330519071214197
168,u100,zonal_wind,4.326709469254745,4.265870868665538,0.014061170739917084,0.837902560002504,0.8406299330169437,0.0027273730144397046
168,u200,zonal_wind,7.370562167983286,7.190903568100215,0.024375155624286382,0.7895671059875887,0.7919407558569072,0.0023736498693184283
168,u300,zonal_wind,8.45191715519163,8.100321493464277,0.041599515857935754,0.727701514490754,0.7316916160602832,0.00399010156952917
168,u500,zonal_wind,5.891368474188253,5.687328395363243,0.03463373233552891,0.7165617005674926,0.7199637026209806,0.0034020020534880624
168,u700,zonal_wind,4.556595124925828,4.419277148791315,0.030136093370101147,0.7066385277692324,0.7088638826644897,0.0022253548952573254
168,u850,zonal_wind,4.234502359575269,4.064502936824002,0.040146257650997774,0.6692834615349837,0.6721837894443247,0.0029003279093409162
168,u925,zonal_wind,4.225119902681593,4.023880183720871,0.0476293510233875,0.6480494690783323,0.6516702236750503,0.0036207545967180677
168,u1000,zonal_wind,3.2749585263178522,3.119978854155294,0.04732263658215141,0.6543451692694834,0.6581113750839133,0.0037662058144298793
168,v50,meridional_wind,3.174011961260927,3.1512447356002604,0.007173011928922279,0.799587582113639,0.8015563788434773,0.001968796729838296
168,v100,meridional_wind,4.019109500345992,3.9939303069616354,0.006264868718353744,0.792036467855452,0.7923172263451701,0.0002807584897180915
168,v200,meridional_wind,7.5693620225785665,7.297642375628268,0.03589729836408795,0.7457231608413719,0.7486643959435038,0.002941235102131845
168,v300,meridional_wind,8.520468324524986,8.090690391360376,0.05044064678082938,0.6933100430092073,0.6989952624748369,0.0056852194656296096
168,v500,meridional_wind,5.818231545239115,5.549311910917998,0.046220167112662525,0.6799897478527691,0.685574734320186,0.005584986467416897
168,v700,meridional_wind,4.401565397052911,4.219943875630721,0.04126293830458505,0.6662995813307235,0.670863666345353,0.00456408501462946
168,v850,meridional_wind,4.039437721274906,3.8430794224955185,0.04861030478207595,0.6375551703445462,0.6424513949269695,0.004896224582423225
168,v925,meridional_wind,4.140272351048032,3.9217676628013898,0.05277543835765586,0.6362732189002782,0.6408654802239881,0.004592261323709934
168,v1000,meridional_wind,3.3039783139203247,3.142410964815278,0.048900850354958836,0.6493438372863066,0.6525872800738347,0.0032434427875280836
168,u10,zonal_wind,2.9323457694150945,2.7879728746380565,0.04923460810211189,0.6471526812189193,0.6513586418197116,0.004205960600792258
168,v10,meridional_wind,2.9333898260775797,2.7836578749525773,0.05104400028727796,0.6394657638401491,0.6430742229131676,0.003608459073018544
168,t2m,temperature,1.891059952940032,1.8253086587358547,0.034769545038460414,0.725563243888511,0.7307250107837032,0.00516176689519221
168,mslp,mslp,475.29816409905874,462.7086344517194,0.026487646278211874,0.7674681303338384,0.7698678353594857,0.0023997050256472363
240,z50,geopotential,851.1423554083547,835.4876900093166,0.018392534808736483,0.8174903281454566,0.8207643232771303,0.0032739951316737015
240,z100,geopotential,765.2513576672332,734.1970915183396,0.0405804783457796,0.7731454933786921,0.7768415858467232,0.0036960924680311535
240,z200,geopotential,960.9913309703354,890.137608129835,0.07372982518890958,0.6257904887077833,0.634517661262016,0.00872717255423272
240,z300,geopotential,1033.4342296612392,949.3894099407526,0.0813257557261643,0.5573055431848647,0.5657528328893209,0.008447289704456185
240,z500,geopotential,759.766479180234,705.2203527278828,0.0717932785231653,0.547225646629746,0.5522657207231128,0.005040074093366709
240,z700,geopotential,586.6858688433514,546.1702619569346,0.06905843320598992,0.537307697718948,0.540604101422831,0.0032964037038829552
240,z850,geopotential,536.0395753650862,495.521702320867,0.07558746575124276,0.5145885551940111,0.5166678672899585,0.002079312095947361
240,z925,geopotential,539.7117432442665,494.8520023034596,0.08311796343572231,0.5007216027018419,0.5038517550477906,0.0031301523459487113
240,z1000,geopotential,553.5239800117854,506.156421265791,0.08557453779145374,0.4926674805139562,0.4958906322612211,0.0032231517472648963
240,q50,humidity,1.1511038345384552e-07,1.1510414762455376e-07,5.4172604630919885e-05,0.783359258589001,0.7833855612386655,2.630264966452245e-05
240,q100,humidity,3.441843579859879e-07,3.43979488149358e-07,0.0005952328508730398,0.6007305999237461,0.6009684680220795,0.00023786809833337141
240,q200,humidity,1.4765671216833522e-05,1.329348560989973e-05,0.09970326342194546,0.49508650637792434,0.49520788129138943,0.00012137491346508877
240,q300,humidity,0.00013024965356562705,0.00011773747077346196,0.09606307924543345,0.4606673048467612,0.46068164976664105,1.4344919879838436e-05
240,q500,humidity,0.0007979507299973383,0.0007318181347574111,0.08287804341020866,0.4654031749372035,0.4658806818579786,0.0004775069207750837
240,q700,humidity,0.0015342581910572706,0.0014099412239281335,0.08102740976306555,0.4283568402419392,0.42912911926026853,0.0007722790183293249
240,q850,humidity,0.001737587324839644,0.0016104203197472705,0.07318596497249963,0.40426190785138,0.4071169012506873,0.002854993399307282
240,q925,humidity,0.0014399333043288675,0.0013135073528394265,0.08779986622253055,0.43046786184345526,0.4412136138627964,0.010745752019341137
240,q1000,humidity,0.0014416366351060654,0.0013179518410343532,0.08579470794498256,0.477434246826393,0.4882266829395,0.010792436113106985
240,t50,temperature,2.90778027012059,2.674178957473071,0.08033664546387176,0.6623084510326998,0.7008867797039509,0.038578328671251105
240,t100,temperature,2.708326854874446,2.603266682267287,0.03879154113842331,0.7087936074279885,0.7160687870086931,0.0072751795807046715
240,t200,temperature,3.507920701153454,3.178587898146012,0.09388262479797582,0.5502677787387444,0.5706410689776621,0.020373290238917652
240,t300,temperature,2.4175212068791803,2.191235028083709,0.09360256205884043,0.5588854473786993,0.5700054496065097,0.0111200022278104
240,t500,temperature,3.0669315211811083,2.7534065208601373,0.10222758420123745,0.49148993112829914,0.4995736929170312,0.008083761788732047
240,t700,temperature,3.067683582488659,2.792884549416132,0.08957867579341283,0.4918090511378859,0.5004361641673292,0.008627113029443245
240,t850,temperature,3.3168785255251554,3.029109097580727,0.08675910972617429,0.4812353793456722,0.4894329379988855,0.00819755865321331
240,t925,temperature,3.088757975230279,2.8238596009896137,0.08576210126043171,0.47640183680252546,0.48890816507606416,0.012506328273538703
240,t1000,temperature,2.694422933046417,2.479271707395383,0.07985057691287378,0.5008929799514777,0.5148942044632215,0.014001224511743793
240,u50,zonal_wind,5.324196888989518,5.100236166575981,0.04206469578100869,0.7793279666519606,0.7935439553130701,0.014215988661109513
240,u100,zonal_wind,6.249562159976669,5.8997080363499546,0.05598058146652962,0.6633285825290877,0.6770045190478112,0.013675936518723564
240,u200,zonal_wind,10.728997087714554,9.89168168177688,0.07804228103449273,0.5568064795389064,0.5625288562074042,0.005722376668497842
240,u300,zonal_wind,11.72829729326876,10.689464532015055,0.0885749001135846,0.4777866349655631,0.47813225963255984,0.00034562466699672445
240,u500,zonal_wind,8.100450985105667,7.437863348177344,0.08179638863893202,0.465732131758844,0.4642185293617444,-0.0015136023970995782
240,u700,zonal_wind,6.214033684441827,5.716771512424668,0.0800224455271562,0.4569420529260745,0.4544175810325503,-0.0025244718935241717
240,u850,zonal_wind,5.66835974832048,5.162328071190879,0.08927303481038518,0.41218343107652483,0.4091121693724695,-0.003071261704055306
240,u925,zonal_wind,5.6073748466696545,5.068459165344566,0.09610837442857278,0.38546551472123675,0.3829130060529682,-0.0025525086682685605
240,u1000,zonal_wind,4.368796608214449,3.948259583911249,0.09625923612751475,0.3896387030355844,0.38750264638547205,-0.00213605665011235
240,v50,meridional_wind,4.560934160728093,4.4207870309358155,0.03072772481545849,0.5847063811275038,0.5830971696035169,-0.0016092115239869642
240,v100,meridional_wind,6.074299084702203,5.652631061844949,0.06941838341796547,0.5268706321633805,0.5272695045666098,0.00039887240322933337
240,v200,meridional_wind,11.163735114652788,10.02899815334251,0.10164491988177826,0.4510212220463245,0.4518852009152664,0.0008639788689419059
240,v300,meridional_wind,12.034302734943731,10.717742563848493,0.10940061922095179,0.3901541443878678,0.3917162818560479,0.0015621374681801248
240,v500,meridional_wind,8.06707768872304,7.235176270675301,0.10312302052212219,0.3839314745940618,0.3857745270909366,0.0018430524968748307
240,v700,meridional_wind,5.992448626034704,5.407774585762363,0.09756846937864005,0.3791603103207141,0.38044437697284184,0.0012840666521277133
240,v850,meridional_wind,5.39249206097761,4.842032777087156,0.10207883065305079,0.3530490565113029,0.3544560932667285,0.0014070367554255836
240,v925,meridional_wind,5.535525621459215,4.953577421595396,0.10512970938257737,0.3491401394846941,0.3497871911394059,0.0006470516547117944
240,v1000,meridional_wind,4.460386411833892,3.99751023222735,0.10377490577463899,0.3609615349181347,0.3605708978959363,-0.00039063702219838126
240,u10,zonal_wind,3.8829941342453203,3.5064793322795165,0.09696507101187812,0.3856418738881161,0.384289384181022,-0.0013524897070941178
240,v10,meridional_wind,3.9232576192155735,3.5147024528233537,0.10413671648559941,0.35458481805612446,0.35449084823365756,-9.396982246689944e-05
240,t2m,temperature,2.5466782579162843,2.3582629916208426,0.07398471546602237,0.5067081423575447,0.5196730634663974,0.012964921108852723
240,mslp,mslp,701.736026360054,641.8480812138675,0.08534255460251727,0.4926785922494871,0.4961039074959016,0.0034253152464144843
