lead_time_hours,family,candidate_id,mean_relative_rmse_gain,negative_rmse_cell_fraction,mean_acc_delta
24,geopotential,l64_s10,0.10936717328614316,0.0,0.0011982475274609926
24,humidity,l64_s10,0.00421000354233752,0.0,0.0004653504601354916
24,meridional_wind,l64_s10,0.06592557058404461,0.0,0.0029556253320686455
24,mslp,l64_s10,0.1157427633563819,0.0,0.0018216999394173872
24,temperature,l64_s10,0.046991624759473584,0.0,0.0022114774707634234
24,zonal_wind,l64_s10,0.024101962672792587,0.0,0.0009876171772841614
72,geopotential,memory192_half96,0.01774755072837088,0.0,0.0007567919014833299
72,humidity,l40_s10,0.0017194644915949169,0.0,0.0003084389985631554
72,meridional_wind,memory192_half96,0.014591620828904795,0.0,0.0016219576587180983
72,mslp,memory192_half96,0.019900756910566586,0.0,0.0010724064728472316
72,temperature,l64_s10,0.013155533767559114,0.0,0.002079434964452376
72,zonal_wind,memory128_half64,0.0049600033619545455,0.0,0.0005390209101626131
120,geopotential,memory128_half64,0.007143841303784636,0.0,0.0006558745733835389
120,humidity,l64_s10,0.011580941873412865,0.0,0.001398904900878955
120,meridional_wind,l64_s10,0.013698459528191386,0.1,0.0014400680680911825
120,mslp,memory192_half96,0.010043422456780027,0.0,0.0009358809232008491
120,temperature,l64_s10,0.016367506051421475,0.1,0.0027310707662037805
120,zonal_wind,l64_s10,0.014214819110681232,0.0,0.001669281690343738
168,geopotential,memory192_half96,0.027698615197159757,0.0,0.0026640725884207552
168,humidity,l64_s10,0.03532688914731016,0.0,0.00028107162832520977
168,meridional_wind,l64_s08,0.04060777186112554,0.0,0.0009028294421746907
168,mslp,memory192_half96,0.03731402290902219,0.0,0.0033199034113854387
168,temperature,l64_s10,0.04332145917147293,0.0,0.003350087444614358
168,zonal_wind,l64_s10,0.04280564773313674,0.0,0.0006054544229288639
240,geopotential,l64_s08,0.08022827341983144,0.0,1.4937867613825281e-05
240,humidity,l64_s05,0.05009086802247567,0.0,0.00025019656940287555
240,meridional_wind,delta10,0.0875873369818709,0.0,0.0010404156338870373
240,mslp,delta10,0.08582583802325494,0.0,0.0042267979945085354
240,temperature,l64_s065,0.07456311611937885,0.0,0.0023596604357334072
240,zonal_wind,l64_s065,0.07849751171587145,0.0,0.002651158402195036
