model,model_display_name,lead_time_hours,z500_raw_rmse,z500_sphere_ttc_rmse,z500_raw_acc,z500_sphere_ttc_acc,t850_raw_rmse,t850_sphere_ttc_rmse,t850_raw_acc,t850_sphere_ttc_acc,t2m_raw_rmse,t2m_sphere_ttc_rmse,t2m_raw_acc,t2m_sphere_ttc_acc,u10_raw_rmse,u10_sphere_ttc_rmse,u10_raw_acc,u10_sphere_ttc_acc,mean_rmse_improvement_percent
convlstm,convlstm,120,769.2919496310378,767.9650728548793,0.29521924741289324,0.29944185132850504,3.355883336057273,3.3126394523989577,0.21274973664827607,0.22812616099396574,3.144723260853544,2.9186008229161473,0.21407471943457576,0.24986569549605225,3.5910757052849984,3.588538158855507,0.19719477676284441,0.1981182869317123,2.1805693315322867
transformer,transformer,120,750.3468228914464,750.0735149472633,0.34059914387349643,0.34167623872755143,3.2662077326376315,3.247741133899151,0.25328958674381047,0.26086858972094257,3.3285760412819965,2.976514947038407,0.196164490034193,0.24778532389538085,3.636793679956417,3.6158268721489555,0.18399133923904024,0.1898465999510463,2.9388137029503523
fno,fno,120,688.2670634431951,687.4787661571462,0.5012095315793282,0.502908850675413,3.119426835187186,3.093841783411206,0.3456009050200596,0.35901047271063424,3.394818279844022,2.865871554018891,0.20122014861477405,0.27671082813023223,3.4111005642882746,3.410468321713382,0.32530790025318607,0.32560382319866665,4.133563878893007
vit,vit,120,720.5460495667386,720.3031862010398,0.4241668875147394,0.4248650412029811,3.1586361426981773,3.152921454790403,0.3135784620413938,0.31710957800911277,2.940260818283585,2.7590865854813598,0.2304032356324474,0.27839043102045435,3.4771701175017853,3.476916107142664,0.2691983195498356,0.2693265768719112,1.5959438551685219
cirt,cirt,120,722.5054905109671,722.6430913963048,0.4395507589021145,0.4395137058135141,3.1269346217459355,3.1242576325607345,0.3377637236343837,0.3398435620960164,2.9396922479770815,2.8142982264115006,0.20891501693488848,0.2623413519157823,3.466993489346451,3.467130408465528,0.29172891499568326,0.2916567866847625,1.0820414394077549
climode,ClimODE-style adapter,120,764.6582116265258,764.5771046895211,0.31335748838171223,0.31392035431684545,3.4113257967538884,3.3742932737557725,0.23869540161924022,0.24206946755386283,2.724853509362318,2.6517763444615747,0.3283399195610175,0.33446211189690844,3.5985464048946114,3.597191561731579,0.20276792821979744,0.20276714496475423,0.9539268388432387
fourcastnetv2,fourcastnetv2,120,425.13482605310287,420.33475858972395,0.8553096381819495,0.8562545284182703,2.086267705812308,2.041430031922815,0.7899698251281907,0.7940651772485707,1.7617282120181423,1.7071288479273665,0.739493483993124,0.7505137909143886,2.6355537435357537,2.613455001766628,0.70983414079591,0.7090145159958287,1.8039824450774677
oneforecast,oneforecast,120,321.67472490708633,318.4803089461416,0.91738810573367,0.9183467305929488,1.7318373750750613,1.6901665127177739,0.8583124344383913,0.862193577801488,1.6681919889487642,1.610346916394398,0.7848306798876261,0.7927478216958829,2.2855769702440765,2.2665423879611186,0.7920972739544049,0.7915104436194189,1.9248916408552583
fuxi,fuxi,120,293.27139488973967,293.1176862751161,0.9298083166856952,0.9298661945066793,1.566230435457886,1.5421848964779046,0.8818789769374927,0.8847189981801592,1.3913785797623717,1.338243390074396,0.8419495243280494,0.8513590903137165,2.0140538573937317,2.0138192469284526,0.8288394122044251,0.8288416950605535,1.3545493812896243
pangu,pangu,120,307.63494087849494,306.79134240910906,0.9244584250111922,0.9246076891500715,1.6547641684033778,1.6160449087498934,0.8720100963561492,0.8751393044416435,1.421216138829146,1.3527437534498876,0.8383343415246853,0.8495408215198066,2.181530644422864,2.1725105515152894,0.8100458282303042,0.8097453222178882,1.9613586360971271
graphcast,GraphCast-small 1°,120,301.83780994326105,301.7756562743592,0.9266060919275414,0.9266035582713057,1.5663226407803297,1.564011098995302,0.8829396101343361,0.88307090226727,1.3893947597125311,1.3859031094096845,0.8444246569195497,0.8446752985928173,2.0982038018828404,2.0953115159635125,0.8210948439895196,0.8209753618224983,0.13933061619546272
