model,model_display_name,lead_time_hours,variable,unit,raw_rmse,sphere_ttc_rmse,rmse_change_percent,raw_acc,sphere_ttc_acc,acc_change
convlstm,convlstm,24,z500,m^2 s^-2,419.20273667905883,382.6843533207767,-8.71138954091336,0.8497064501177476,0.8763452592805268,0.026638809162779165
convlstm,convlstm,72,z500,m^2 s^-2,701.3625443837043,693.3622265641729,-1.1406822168642194,0.4770814278138147,0.49408279157507473,0.017001363761260047
convlstm,convlstm,120,z500,m^2 s^-2,769.2919496310378,767.9650728548793,-0.17248026276563966,0.29521924741289324,0.29944185132850504,0.0042226039156118
convlstm,convlstm,168,z500,m^2 s^-2,791.511989050028,790.8385724585999,-0.08507977146832157,0.21438437314225253,0.2175791426835009,0.0031947695412483657
convlstm,convlstm,240,z500,m^2 s^-2,808.2159641936042,807.5081648247042,-0.08757552439665472,0.15313210829022095,0.1576854962641262,0.004553387973905254
convlstm,convlstm,24,t850,K,2.35799451057426,2.202546122189952,-6.592398230242303,0.7005548738415359,0.7425745601389838,0.0420196862974479
convlstm,convlstm,72,t850,K,3.1593014214414024,3.096853884613941,-1.9766248450890145,0.35062093179800286,0.37687774907492855,0.026256817276925692
convlstm,convlstm,120,t850,K,3.355883336057273,3.3126394523989577,-1.288599135544477,0.21274973664827607,0.22812616099396574,0.015376424345689671
convlstm,convlstm,168,t850,K,3.4277722596072624,3.3828731446588485,-1.3098628364988985,0.15445415870520127,0.17139184601252114,0.01693768730731987
convlstm,convlstm,240,t850,K,3.4932348121791765,3.447128175796618,-1.3198836855114249,0.1115082784620752,0.1286236051904763,0.017115326728401103
convlstm,convlstm,24,t2m,K,2.672477154367385,2.280839772705544,-14.654470704148913,0.5429594628081095,0.5999315437767055,0.05697208096859607
convlstm,convlstm,72,t2m,K,3.007590139653232,2.74685897338554,-8.66910563477753,0.3178481715351493,0.3532890758795404,0.035440904344391067
convlstm,convlstm,120,t2m,K,3.144723260853544,2.9186008229161473,-7.190535356552241,0.21407471943457576,0.24986569549605225,0.03579097606147649
convlstm,convlstm,168,t2m,K,3.245411628494694,3.021631426310562,-6.895279483790063,0.158985023034195,0.1969461646013593,0.03796114156716429
convlstm,convlstm,240,t2m,K,3.3745041008249195,3.1316234370842277,-7.197521664926054,0.11949399056555624,0.15699131864330046,0.037497328077744224
convlstm,convlstm,24,u10,m s^-1,2.4187051921300857,2.402425156698979,-0.6730888693701975,0.7375367825527277,0.741623810232577,0.004087027679849253
convlstm,convlstm,72,u10,m s^-1,3.4314131150413574,3.428485983696328,-0.08530396215478131,0.3260642671572617,0.3272764102727756,0.001212143115513875
convlstm,convlstm,120,u10,m s^-1,3.5910757052849984,3.588538158855507,-0.07066257126678854,0.19719477676284441,0.1981182869317123,0.0009235101688678804
convlstm,convlstm,168,u10,m s^-1,3.6413378593371974,3.640104214343435,-0.033878894005923144,0.14770313353531336,0.14769692441085108,-6.209124462280835e-06
convlstm,convlstm,240,u10,m s^-1,3.6780688981046388,3.6771586637902702,-0.024747614565823195,0.1169204596751522,0.1162709397488659,-0.0006495199262862988
transformer,transformer,24,z500,m^2 s^-2,382.20334495711063,361.61211597622776,-5.387506219547489,0.876695904700939,0.8904507835093819,0.013754878808442839
transformer,transformer,72,z500,m^2 s^-2,676.2914900674643,671.663886711448,-0.6842616569897597,0.5259623197422639,0.5352309135508401,0.009268593808576142
transformer,transformer,120,z500,m^2 s^-2,750.3468228914464,750.0735149472633,-0.036424215555408423,0.34059914387349643,0.34167623872755143,0.001077094854054994
transformer,transformer,168,z500,m^2 s^-2,775.6814326329508,776.0165584948681,0.04320405875641864,0.2532017162281613,0.2528239934195101,-0.0003777228086511708
transformer,transformer,240,z500,m^2 s^-2,792.5108577375134,793.727427572477,0.15350828611189193,0.1887278502647432,0.18649145979011636,-0.0022363904746268426
transformer,transformer,24,t850,K,2.1202425173166746,1.9948102948838362,-5.915937512260728,0.7664106217244413,0.7948327545681593,0.028422132843717973
transformer,transformer,72,t850,K,3.0272809917234182,2.9838450041307407,-1.434818495918666,0.4178826543575196,0.43690144805171643,0.019018793694196845
transformer,transformer,120,t850,K,3.2662077326376315,3.247741133899151,-0.5653834737439634,0.25328958674381047,0.26086858972094257,0.007579002977132099
transformer,transformer,168,t850,K,3.35192703431374,3.333624759589375,-0.5460224681803849,0.18399420063468175,0.19175874537199614,0.007764544737314388
transformer,transformer,240,t850,K,3.4155961197285434,3.3992288549916063,-0.47919204037033536,0.13520432182984138,0.14220082089723043,0.006996499067389056
transformer,transformer,24,t2m,K,2.8615538897277215,2.3580898326712365,-17.594079177184042,0.4810137655499374,0.5776680336420177,0.09665426809208028
transformer,transformer,72,t2m,K,3.1921453301371225,2.799803835012335,-12.290840627482769,0.28315867997215804,0.34673638200971313,0.06357770203755508
transformer,transformer,120,t2m,K,3.3285760412819965,2.976514947038407,-10.576928088083982,0.196164490034193,0.24778532389538085,0.05162083386118785
transformer,transformer,168,t2m,K,3.397556971915054,3.0700794207425273,-9.63861839196598,0.15604256854514212,0.20006050102269876,0.04401793247755664
transformer,transformer,240,t2m,K,3.472267926681457,3.1712653587104054,-8.668759851683683,0.11996942709508286,0.15841390744925699,0.038444480354174124
transformer,transformer,24,u10,m s^-1,2.713696027329872,2.5955727218874993,-4.35285692475289,0.6610001704719554,0.6920838571553958,0.031083686683440415
transformer,transformer,72,u10,m s^-1,3.4718984497613437,3.4295798761156684,-1.218888578051125,0.31459234813964615,0.33186187551714275,0.017269527377496596
transformer,transformer,120,u10,m s^-1,3.636793679956417,3.6158268721489555,-0.5765190344180549,0.18399133923904024,0.1898465999510463,0.005855260712006066
transformer,transformer,168,u10,m s^-1,3.6848470394321797,3.6671816410392593,-0.47940655891222095,0.13900313267023726,0.1426570555110381,0.0036539228408008495
transformer,transformer,240,u10,m s^-1,3.7212762671809387,3.7070429701552183,-0.38248428774956267,0.10833386992581265,0.10906983123994714,0.0007359613141344895
fno,fno,24,z500,m^2 s^-2,357.9465364789994,337.2086372029649,-5.793574504177723,0.8928835284047555,0.9054723794722056,0.012588851067450113
fno,fno,72,z500,m^2 s^-2,579.9478409692229,578.8685392783642,-0.18610323456931255,0.6835368978095694,0.6849724884028117,0.0014355905932422752
fno,fno,120,z500,m^2 s^-2,688.2670634431951,687.4787661571462,-0.11453363496798374,0.5012095315793282,0.502908850675413,0.0016993190960847837
fno,fno,168,z500,m^2 s^-2,739.1382589758491,738.5533749643507,-0.07913052861162617,0.38059111392416417,0.3819999465522007,0.0014088326280365382
fno,fno,240,z500,m^2 s^-2,782.1035363198229,781.8470489567181,-0.03279455355893468,0.25411384228384093,0.2540652162284612,-4.86260553797524e-05
fno,fno,24,t850,K,2.493114148552645,2.3361087016458923,-6.297563510996918,0.6517785836425897,0.7015142428098312,0.04973565916724154
fno,fno,72,t850,K,2.8702429055558674,2.8251460807231017,-1.5711849594845395,0.4909576614686134,0.5119767847482063,0.021019123279592877
fno,fno,120,t850,K,3.119426835187186,3.093841783411206,-0.8201843841112111,0.3456009050200596,0.35901047271063424,0.013409567690574664
fno,fno,168,t850,K,3.2613828749313547,3.240769974140063,-0.6320294666944171,0.2501418407113134,0.25924589639544865,0.009104055684135248
fno,fno,240,t850,K,3.3982864643760156,3.3604628472733404,-1.1130202676901235,0.15952089797109367,0.17487242575556233,0.01535152778446866
fno,fno,24,t2m,K,3.0412757237057435,2.484410298993026,-18.31025777676568,0.3874820930994698,0.48342513377510754,0.09594304067563775
fno,fno,72,t2m,K,3.211013948659322,2.716429863763309,-15.402738599205213,0.2715172885544707,0.35653340855837606,0.08501612000390535
fno,fno,120,t2m,K,3.394818279844022,2.865871554018891,-15.581002640572382,0.20122014861477405,0.27671082813023223,0.07549067951545818
fno,fno,168,t2m,K,3.4698899086310218,2.972899775714899,-14.32293663496087,0.14915191864462973,0.22283103500321197,0.07367911635858224
fno,fno,240,t2m,K,3.5988850064058697,3.0898569519702725,-14.144048879848835,0.09914556255232487,0.17247220863866408,0.07332664608633921
fno,fno,24,u10,m s^-1,2.1841058077821676,2.181754862491825,-0.10763880037157891,0.7925820916439148,0.7930636704961607,0.0004815788522458675
fno,fno,72,u10,m s^-1,3.1680588725599033,3.1673515595303927,-0.022326385271342897,0.471651352954754,0.47192978551791115,0.00027843256315712717
fno,fno,120,u10,m s^-1,3.4111005642882746,3.410468321713382,-0.01853485592044901,0.32530790025318607,0.32560382319866665,0.00029592294548058673
fno,fno,168,u10,m s^-1,3.5207843861116683,3.5203644126211056,-0.011928406982819606,0.24242693996222411,0.24245918650650428,3.224654428016227e-05
fno,fno,240,u10,m s^-1,3.6016112701203515,3.601833672293215,0.006175074325986962,0.17369169477195345,0.17275550457812847,-0.0009361901938249872
vit,vit,24,z500,m^2 s^-2,349.9084325394905,341.8331583921751,-2.3078249611500845,0.8977882038454587,0.9027416357154369,0.004953431869978209
vit,vit,72,z500,m^2 s^-2,617.1810026968566,616.3601750862583,-0.13299625345102317,0.6297457799266435,0.6310273783663428,0.0012815984396993274
vit,vit,120,z500,m^2 s^-2,720.5460495667386,720.3031862010398,-0.03370546071896907,0.4241668875147394,0.4248650412029811,0.000698153688241665
vit,vit,168,z500,m^2 s^-2,759.795535903196,759.9427177403409,0.01937124268174273,0.30704570948084875,0.30691408355081734,-0.00013162593003140932
vit,vit,240,z500,m^2 s^-2,782.8235057671089,783.7501429671496,0.11837115176205337,0.2199184208362999,0.21767157146723412,-0.002246849369065773
vit,vit,24,t850,K,2.237501720306069,2.174842011767177,-2.8004317480623375,0.7317071678396369,0.7488503931109446,0.017143225271307738
vit,vit,72,t850,K,2.8568793379461974,2.8374031691718695,-0.6817287841190067,0.49944963852115254,0.5085991291798753,0.009149490658722725
vit,vit,120,t850,K,3.1586361426981773,3.152921454790403,-0.18092264032958383,0.3135784620413938,0.31710957800911277,0.0035311159677189896
vit,vit,168,t850,K,3.273612696960147,3.269174697580504,-0.13556885894790982,0.22061458334959502,0.22343523911848914,0.0028206557688941203
vit,vit,240,t850,K,3.3524279307845086,3.349186515740142,-0.09668858246292267,0.15556775943969833,0.1578755168316847,0.0023077573919863537
vit,vit,24,t2m,K,2.509428432316578,2.2347880595122827,-10.944339725630714,0.4951328585415577,0.5727899136496292,0.07765705510807147
vit,vit,72,t2m,K,2.7795262639231115,2.5685314857670405,-7.591033799344871,0.33782373945163524,0.3962135863464306,0.05838984689479537
vit,vit,120,t2m,K,2.940260818283585,2.7590865854813598,-6.161842230989157,0.2304032356324474,0.27839043102045435,0.04798719538800694
vit,vit,168,t2m,K,3.0284762754669465,2.8664687607607777,-5.349472803157084,0.1739376402313194,0.21601960247494625,0.04208196224362684
vit,vit,240,t2m,K,3.1116422789844753,2.967779030960292,-4.623386466876744,0.12956444491875216,0.16702439112130416,0.037459946202552
vit,vit,24,u10,m s^-1,2.3884441005084223,2.384611974266102,-0.16044446011964641,0.7449391020973165,0.7459088066347551,0.0009697045374386093
vit,vit,72,u10,m s^-1,3.2486970247169413,3.2484390596301083,-0.007940570784847889,0.42600462198555117,0.4261319473757966,0.00012732539024545853
vit,vit,120,u10,m s^-1,3.4771701175017853,3.476916107142664,-0.00730508863637791,0.2691983195498356,0.2693265768719112,0.00012825732207560891
vit,vit,168,u10,m s^-1,3.5560096894084348,3.5556761410533775,-0.009379849443347243,0.1979254780340787,0.1981141365434633,0.00018865850938459827
vit,vit,240,u10,m s^-1,3.604628660398382,3.6051011077387125,0.013106685454755684,0.15054451129162505,0.15003212798464716,-0.0005123833069778927
cirt,cirt,24,z500,m^2 s^-2,496.90447422703824,491.27071116018675,-1.1337718533557362,0.7803922827351412,0.785958994394322,0.0055667116591808785
cirt,cirt,72,z500,m^2 s^-2,640.6479483527563,639.7582392828624,-0.13887644098159457,0.5960696035551862,0.5975124715497181,0.00144286799453186
cirt,cirt,120,z500,m^2 s^-2,722.5054905109671,722.6430913963048,0.019044960508241005,0.4395507589021145,0.4395137058135141,-3.7053088600358386e-05
cirt,cirt,168,z500,m^2 s^-2,759.485135595206,761.0833215809545,0.210430186299293,0.3405645653918854,0.33730379017034684,-0.003260775221538559
cirt,cirt,240,z500,m^2 s^-2,780.7634562495391,783.1156020875057,0.30126228618143625,0.24931152017341546,0.2452048751919405,-0.0041066449814749495
cirt,cirt,24,t850,K,2.651362339297218,2.627250426501336,-0.9094159797967571,0.5894621884786326,0.5988485656279785,0.00938637714934587
cirt,cirt,72,t850,K,2.9197745847034016,2.914036692139705,-0.1965183406197557,0.46510538132652274,0.4680590020649803,0.002953620738457563
cirt,cirt,120,t850,K,3.1269346217459355,3.1242576325607345,-0.08561065417179714,0.3377637236343837,0.3398435620960164,0.0020798384616327326
cirt,cirt,168,t850,K,3.2287850524937904,3.2256990963588836,-0.09557638816877212,0.25664800926823644,0.26010766718698886,0.0034596579187524124
cirt,cirt,240,t850,K,3.2945390893663573,3.294979428472466,0.013365727167413688,0.18463199596785415,0.18822378122741174,0.003591785259557584
cirt,cirt,24,t2m,K,2.727228450410784,2.521448170853424,-7.5453994155262105,0.3556639539501185,0.4327696584727242,0.07710570452260568
cirt,cirt,72,t2m,K,2.84078483298017,2.6924987064756865,-5.2198999650713285,0.2806807773727607,0.3378667988802284,0.05718602150746771
cirt,cirt,120,t2m,K,2.9396922479770815,2.8142982264115006,-4.265549281625292,0.20891501693488848,0.2623413519157823,0.0534263349808938
cirt,cirt,168,t2m,K,3.005394251307699,2.8979734477130785,-3.5742666223534503,0.15958701880125703,0.21213399013801548,0.05254697133675845
cirt,cirt,240,t2m,K,3.0642212215322386,2.9836998433054074,-2.627792590855016,0.11265338669688589,0.16414284813546337,0.05148946143857748
cirt,cirt,24,u10,m s^-1,2.823746444408534,2.823746444408534,0.0,0.6152572943343266,0.6152572943343266,0.0
cirt,cirt,72,u10,m s^-1,3.3043070029891317,3.3036962224384627,-0.01848437660654234,0.3976205143556917,0.397942394607378,0.00032188025168633505
cirt,cirt,120,u10,m s^-1,3.466993489346451,3.467130408465528,0.003949217657828186,0.29172891499568326,0.2916567866847625,-7.212831092073824e-05
cirt,cirt,168,u10,m s^-1,3.543314437824022,3.545326514692448,0.05678516269815859,0.2290456627175636,0.22791419442900904,-0.0011314682885545657
cirt,cirt,240,u10,m s^-1,3.5925024095208404,3.594547980062781,0.05693999081306522,0.17056522427749857,0.16950653970966165,-0.0010586845678369206
climode,ClimODE-style adapter,24,z500,m^2 s^-2,420.9389741256184,381.3251441356649,-9.410824947307395,0.8562151176843786,0.8778403235247224,0.021625205840343775
climode,ClimODE-style adapter,72,z500,m^2 s^-2,703.454323668576,699.029425897471,-0.6290241771532146,0.485095598615011,0.49252737888365594,0.007431780268644939
climode,ClimODE-style adapter,120,z500,m^2 s^-2,764.6582116265258,764.5771046895211,-0.010606952985203755,0.31335748838171223,0.31392035431684545,0.0005628659351332166
climode,ClimODE-style adapter,168,z500,m^2 s^-2,791.0913608580966,791.6088486787568,0.06541441940395298,0.22885701502521144,0.2278845436040405,-0.000972471421170934
climode,ClimODE-style adapter,240,z500,m^2 s^-2,810.7688023451349,810.5650697895967,-0.02512831709223784,0.15516719445317956,0.15687347173888516,0.001706277285705604
climode,ClimODE-style adapter,24,t850,K,2.05110025837878,1.9850955236430237,-3.2180160119489987,0.779754381647354,0.7958192277444975,0.016064846097143537
climode,ClimODE-style adapter,72,t850,K,3.223187945838678,3.16779856731409,-1.718465676073866,0.3701751249856767,0.3778918913279774,0.007716766342300729
climode,ClimODE-style adapter,120,t850,K,3.4113257967538884,3.3742932737557725,-1.085575673638528,0.23869540161924022,0.24206946755386283,0.003374065934622611
climode,ClimODE-style adapter,168,t850,K,3.5236460068539284,3.4798041802356843,-1.2442176805776306,0.1607666310130942,0.16965693757736688,0.00889030656427267
climode,ClimODE-style adapter,240,t850,K,3.5926018283600696,3.5508830059953813,-1.1612425856759034,0.1156924817671579,0.1256833444426787,0.009990862675520795
climode,ClimODE-style adapter,24,t2m,K,1.5407545322782463,1.5225107453886026,-1.1840813385547766,0.7968687267238155,0.8015786536636104,0.004709926939794884
climode,ClimODE-style adapter,72,t2m,K,2.4792158506920368,2.412135340883167,-2.705714784380109,0.457769562551609,0.4637352667069183,0.0059657041553092816
climode,ClimODE-style adapter,120,t2m,K,2.724853509362318,2.6517763444615747,-2.681874994367872,0.3283399195610175,0.33446211189690844,0.0061221923358909525
climode,ClimODE-style adapter,168,t2m,K,2.908061500807677,2.821012194369766,-2.9933791432448786,0.2511253111172312,0.2576175912394161,0.00649228012218489
climode,ClimODE-style adapter,240,t2m,K,3.0532463966886176,2.958014733583876,-3.119029738576773,0.18663854512579087,0.20002523173856904,0.01338668661277817
climode,ClimODE-style adapter,24,u10,m s^-1,2.560991858726809,2.4827611290846217,-3.0547043472867297,0.7014772133140159,0.7203008699748135,0.01882365666079755
climode,ClimODE-style adapter,72,u10,m s^-1,3.611782667654894,3.5773664748130156,-0.9528865939274378,0.29352401411998624,0.2958543726022007,0.0023303584822144674
climode,ClimODE-style adapter,120,u10,m s^-1,3.5985464048946114,3.597191561731579,-0.037649734381350886,0.20276792821979744,0.20276714496475423,-7.832550432129715e-07
climode,ClimODE-style adapter,168,u10,m s^-1,3.7567971350484384,3.7547045797424996,-0.05570051378118723,0.13673702660735562,0.13616841713646763,-0.000568609470887993
climode,ClimODE-style adapter,240,u10,m s^-1,3.7042526471162858,3.704086070693091,-0.004496896919925497,0.11577767375965027,0.1147921978093005,-0.0009854759503497706
fourcastnetv2,fourcastnetv2,24,z500,m^2 s^-2,95.00675371406102,83.26216089632449,-12.361850456530576,0.9929280980628947,0.9945183502555626,0.0015902521926678403
fourcastnetv2,fourcastnetv2,72,z500,m^2 s^-2,229.9904277259585,224.76258184174844,-2.273071073392341,0.9584955545621904,0.9598905790389098,0.0013950244767194642
fourcastnetv2,fourcastnetv2,120,z500,m^2 s^-2,425.13482605310287,420.33475858972395,-1.1290694549637714,0.8553096381819495,0.8562545284182703,0.0009448902363208278
fourcastnetv2,fourcastnetv2,168,z500,m^2 s^-2,615.9138240499412,594.0511922262637,-3.549625121241773,0.6905123931313367,0.6915372345021206,0.0010248413707838466
fourcastnetv2,fourcastnetv2,240,z500,m^2 s^-2,830.7798404643181,758.9785687692554,-8.642635292514244,0.4278366630030755,0.4264738243851467,-0.0013628386179287966
fourcastnetv2,fourcastnetv2,24,t850,K,1.1591644532288816,0.9291880063133879,-19.83984638891303,0.9364758321470468,0.9591058794779767,0.02263004733092988
fourcastnetv2,fourcastnetv2,72,t850,K,1.4336805430054227,1.364585618167411,-4.819408701269534,0.9023477675402548,0.9105136555634858,0.008165888023231038
fourcastnetv2,fourcastnetv2,120,t850,K,2.086267705812308,2.041430031922815,-2.149181227537378,0.7899698251281907,0.7940651772485707,0.004095352120380036
fourcastnetv2,fourcastnetv2,168,t850,K,2.7967751933373854,2.677534962158434,-4.263490017467674,0.6175641389945861,0.6205224220472256,0.0029582830526395654
fourcastnetv2,fourcastnetv2,240,t850,K,3.579475363162577,3.286178014058816,-8.193864165742538,0.3670597404735617,0.3677462122552333,0.0006864717816715826
fourcastnetv2,fourcastnetv2,24,t2m,K,1.3601306232098653,1.085735884514812,-20.174146071903778,0.8561754480934083,0.9044765674478837,0.04830111935447545
fourcastnetv2,fourcastnetv2,72,t2m,K,1.398537599538708,1.3157865941592697,-5.9169667949387055,0.8402497500755655,0.8564284047172633,0.016178654641697876
fourcastnetv2,fourcastnetv2,120,t2m,K,1.7617282120181423,1.7071288479273665,-3.099193378315135,0.739493483993124,0.7505137909143886,0.011020306921264655
fourcastnetv2,fourcastnetv2,168,t2m,K,2.2008771980821766,2.113345887271163,-3.977110167131881,0.5880995479929693,0.602297352406389,0.014197804413419779
fourcastnetv2,fourcastnetv2,240,t2m,K,2.741935954206065,2.548240439287436,-7.064188155872298,0.35949541551834424,0.3898406163380747,0.030345200819730467
fourcastnetv2,fourcastnetv2,24,u10,m s^-1,1.0295803771068683,0.998098168827853,-3.0577708141136806,0.959041193522257,0.9609392686153748,0.0018980750931177903
fourcastnetv2,fourcastnetv2,72,u10,m s^-1,1.759129712950017,1.7523357715266286,-0.3862103728550559,0.8753162221010222,0.8757601247628974,0.0004439026618752173
fourcastnetv2,fourcastnetv2,120,u10,m s^-1,2.6355537435357537,2.613455001766628,-0.8384857194935869,0.70983414079591,0.7090145159958287,-0.0008196248000813533
fourcastnetv2,fourcastnetv2,168,u10,m s^-1,3.359320501716088,3.2498212149136165,-3.259566532771574,0.5177271570380827,0.5082693539474847,-0.00945780309059796
fourcastnetv2,fourcastnetv2,240,u10,m s^-1,4.048341492186868,3.771251982814134,-6.844519166861418,0.2941270741387421,0.27247229694555924,-0.021654777193182873
oneforecast,oneforecast,24,z500,m^2 s^-2,77.05933714156409,68.19327063041727,-11.50550580893156,0.9952880050873603,0.9963138184366095,0.0010258133492492272
oneforecast,oneforecast,72,z500,m^2 s^-2,156.82082069722884,152.25766701206044,-2.909788167719385,0.9804221326214573,0.9815195535917184,0.0010974209702611093
oneforecast,oneforecast,120,z500,m^2 s^-2,321.67472490708633,318.4803089461416,-0.9930578045469485,0.91738810573367,0.9183467305929488,0.0009586248592787783
oneforecast,oneforecast,168,z500,m^2 s^-2,530.4102573340643,515.4158418354862,-2.8269467438172824,0.7755374573383147,0.7770025448473448,0.001465087509030072
oneforecast,oneforecast,240,z500,m^2 s^-2,792.9414950390694,725.9606500283295,-8.447135813902594,0.49837844386723645,0.4959699264023773,-0.00240851746485915
oneforecast,oneforecast,24,t850,K,0.6719674711220661,0.6484488711483116,-3.499961082116465,0.9787958417270266,0.9802697012828262,0.0014738595557995948
oneforecast,oneforecast,72,t850,K,1.0898929889932565,1.0584250562492483,-2.887249763215316,0.9440099541980831,0.9470062242227275,0.0029962700246444207
oneforecast,oneforecast,120,t850,K,1.7318373750750613,1.6901665127177739,-2.40616486033981,0.8583124344383913,0.862193577801488,0.0038811433630966397
oneforecast,oneforecast,168,t850,K,2.522571640406023,2.4211577895812537,-4.020256519194287,0.699541821058678,0.7029278374723966,0.0033860164137186066
oneforecast,oneforecast,240,t850,K,3.508174846171939,3.211686756593227,-8.451348709208006,0.42393147827605665,0.4214388262604489,-0.002492652015607777
oneforecast,oneforecast,24,t2m,K,0.9469202119046514,0.9281529885050058,-1.9819223587905888,0.9291315296580802,0.9316662200383303,0.0025346903802501153
oneforecast,oneforecast,72,t2m,K,1.2539258015832746,1.215644756040673,-3.0528955935244295,0.8771452628289091,0.8829523578706968,0.005807095041787669
oneforecast,oneforecast,120,t2m,K,1.6681919889487642,1.610346916394398,-3.467530891981929,0.7848306798876261,0.7927478216958829,0.007917141808256756
oneforecast,oneforecast,168,t2m,K,2.184546166812253,2.083521935778999,-4.624495127089546,0.6352693922369518,0.6441100599135382,0.008840667676586422
oneforecast,oneforecast,240,t2m,K,2.8700972447715523,2.6558683372326835,-7.464168955568629,0.38873430855073593,0.40263507996180353,0.013900771411067603
oneforecast,oneforecast,24,u10,m s^-1,0.8270625732777371,0.8133852931144395,-1.653717699870405,0.9729908737588805,0.9738648507101076,0.0008739769512271511
oneforecast,oneforecast,72,u10,m s^-1,1.4195099458253304,1.4158066911184353,-0.26088261782075683,0.9199762327854634,0.9202483980139241,0.0002721652284607412
oneforecast,oneforecast,120,u10,m s^-1,2.2855769702440765,2.2665423879611186,-0.8328130065523465,0.7920972739544049,0.7915104436194189,-0.000586830334985966
oneforecast,oneforecast,168,u10,m s^-1,3.1684356772678353,3.0648762004061574,-3.2684733859258297,0.5995456654142775,0.5907075736329431,-0.008838091781334323
oneforecast,oneforecast,240,u10,m s^-1,4.099317871465875,3.7933163798421794,-7.464692937175721,0.3355530604772122,0.3092101471311738,-0.026342913346038388
fuxi,fuxi,24,z500,m^2 s^-2,77.46806897246202,67.48696305363343,-12.884154789474135,0.9952629155175169,0.9963977781715228,0.0011348626540058637
fuxi,fuxi,72,z500,m^2 s^-2,152.59560168313956,147.79972523100457,-3.1428667663000454,0.9813951901808226,0.9825553534158583,0.0011601632350357605
fuxi,fuxi,120,z500,m^2 s^-2,293.27139488973967,293.1176862751161,-0.052411731011592355,0.9298083166856952,0.9298661945066793,5.7877820984097994e-05
fuxi,fuxi,168,z500,m^2 s^-2,449.6729712328316,449.64900430913735,-0.005329856412883416,0.8260030840197977,0.8260054972025845,2.4131827868201228e-06
fuxi,fuxi,240,z500,m^2 s^-2,625.7211679060838,625.7219878156424,0.00013103433296191014,0.6262454310272058,0.6262173998933218,-2.8031133883943404e-05
fuxi,fuxi,24,t850,K,0.6686920144173257,0.5960168156746295,-10.868261797028156,0.9794814227476331,0.9834445182959005,0.003963095548267459
fuxi,fuxi,72,t850,K,1.0348937917823606,0.9782485778168084,-5.4735292080546945,0.9503616105528501,0.9550486261015977,0.0046870155487476195
fuxi,fuxi,120,t850,K,1.566230435457886,1.5421848964779046,-1.5352491201559237,0.8818789769374927,0.8847189981801592,0.0028400212426664684
fuxi,fuxi,168,t850,K,2.1241271068973306,2.1153210565943783,-0.41457266254726344,0.7675120401116556,0.7688034717819596,0.0012914316703039885
fuxi,fuxi,240,t850,K,2.773543315372508,2.765553500884845,-0.2880724610781926,0.5586729674129565,0.5597395251874265,0.0010665577744700672
fuxi,fuxi,24,t2m,K,0.82034322087642,0.7048652456969902,-14.076787890812092,0.9473431063485666,0.9602201225415607,0.012877016192994195
fuxi,fuxi,72,t2m,K,1.0548740323040646,0.9716296708705232,-7.891403038116163,0.9126895991728792,0.9242033605462052,0.011513761373326048
fuxi,fuxi,120,t2m,K,1.3913785797623717,1.338243390074396,-3.818888005092791,0.8419495243280494,0.8513590903137165,0.009409565985667112
fuxi,fuxi,168,t2m,K,1.7241355734579493,1.694687085898618,-1.7080146139708097,0.7363757419917287,0.743754933692605,0.007379191700876309
fuxi,fuxi,240,t2m,K,2.1546093618268856,2.138291221278201,-0.7573595862801152,0.549065851324735,0.5535539254249824,0.00448807410024743
fuxi,fuxi,24,u10,m s^-1,0.7367908160529828,0.7184924654313067,-2.483520454245214,0.9786520184297677,0.9796837346467928,0.001031716217025136
fuxi,fuxi,72,u10,m s^-1,1.2978030808685235,1.2928648418890647,-0.3805075710063832,0.9326604404655421,0.9331370199921076,0.0004765795265655459
fuxi,fuxi,120,u10,m s^-1,2.0140538573937317,2.0138192469284526,-0.011648668898189829,0.8288394122044251,0.8288416950605535,2.282856128354993e-06
fuxi,fuxi,168,u10,m s^-1,2.5852753683075123,2.5853129523074685,0.0014537716336526785,0.6937069235536716,0.6936786134851005,-2.8310068571069102e-05
fuxi,fuxi,240,u10,m s^-1,3.140941099550942,3.140941099550942,0.0,0.48842626186324845,0.48842626186324845,0.0
pangu,pangu,24,z500,m^2 s^-2,77.74336197361833,69.3058934268649,-10.852976167427176,0.9952124633305128,0.996196053582955,0.0009835902524422124
pangu,pangu,72,z500,m^2 s^-2,151.90208973884123,150.3318850038543,-1.03369528206394,0.9816708902928023,0.9820246423763844,0.0003537520835821262
pangu,pangu,120,z500,m^2 s^-2,307.63494087849494,306.79134240910906,-0.2742206288326221,0.9244584250111922,0.9246076891500715,0.00014926413887927925
pangu,pangu,168,z500,m^2 s^-2,506.57543404384734,496.76450378168704,-1.9367165485784543,0.7946296788374692,0.7950643213231995,0.00043464248573032993
pangu,pangu,240,z500,m^2 s^-2,770.471032097489,711.3469549260292,-7.673757313172902,0.5229089359659238,0.5202983546567602,-0.0026105813091635843
pangu,pangu,24,t850,K,0.631284112899763,0.609003639487986,-3.529389217389478,0.9814209129680577,0.9826814109841426,0.0012604980160849655
pangu,pangu,72,t850,K,1.0205433300063578,0.9932507007154694,-2.6743234205174216,0.9513981104105811,0.9536634051743883,0.002265294763807213
pangu,pangu,120,t850,K,1.6547641684033778,1.6160449087498934,-2.339865727866419,0.8720100963561492,0.8751393044416435,0.0031292080854942173
pangu,pangu,168,t850,K,2.436303156293039,2.3416409943615415,-3.8854836963529205,0.7221500455301209,0.7251524017883657,0.0030023562582448537
pangu,pangu,240,t850,K,3.430837424629135,3.1496006152562557,-8.197322535715323,0.45050982911740917,0.44720901877994323,-0.0033008103374659314
pangu,pangu,24,t2m,K,0.6476823467324204,0.6275939644350553,-3.1015794082873582,0.9663516616345889,0.9683654089454379,0.0020137473108490234
pangu,pangu,72,t2m,K,0.9660658810196416,0.9197668291224127,-4.792535665203523,0.925050069398737,0.9315340005113587,0.006483931112621688
pangu,pangu,120,t2m,K,1.421216138829146,1.3527437534498876,-4.817872771672061,0.8383343415246853,0.8495408215198066,0.011206479995121255
pangu,pangu,168,t2m,K,1.9518772675993479,1.8459485334946324,-5.4270181769676125,0.6968228155772026,0.7113649168294344,0.014542101252231765
pangu,pangu,240,t2m,K,2.6385463570525207,2.431292139821865,-7.854863594747529,0.4508090184872221,0.4697365446662133,0.018927526178991183
pangu,pangu,24,u10,m s^-1,0.7675126056524046,0.7536128884615089,-1.8110083259258891,0.9768501719541759,0.9776697120478416,0.0008195400936656938
pangu,pangu,72,u10,m s^-1,1.341978669037301,1.3393730398002854,-0.1941632379957814,0.9286506608298694,0.9288419820900564,0.00019132126018706064
pangu,pangu,120,u10,m s^-1,2.181530644422864,2.1725105515152894,-0.4134754160174059,0.8100458282303042,0.8097453222178882,-0.00030050601241604635
pangu,pangu,168,u10,m s^-1,3.048763363190304,2.970475323143794,-2.567862136882526,0.627247877405459,0.6205824955014906,-0.00666538190396837
pangu,pangu,240,u10,m s^-1,3.9783235667174823,3.7196186488414784,-6.502862664070874,0.36565001611030723,0.33912718360018224,-0.026522832510124994
graphcast,GraphCast-small 1°,24,z500,m^2 s^-2,76.89260842553156,68.06689096844224,-11.477979012295824,0.9953060182417488,0.996325805586623,0.001019787344874179
graphcast,GraphCast-small 1°,72,z500,m^2 s^-2,151.6367923852966,150.21050419556906,-0.9405950675238861,0.9816400673363518,0.9819814817481985,0.00034141441184676324
graphcast,GraphCast-small 1°,120,z500,m^2 s^-2,301.83780994326105,301.7756562743592,-0.020591743928144446,0.9266060919275414,0.9266035582713057,-2.533656235703674e-06
graphcast,GraphCast-small 1°,168,z500,m^2 s^-2,497.22003594798593,493.08669334867903,-0.8312904349130679,0.8000393720727115,0.7997134839404577,-0.0003258881322537599
graphcast,GraphCast-small 1°,240,z500,m^2 s^-2,756.6896807020651,707.0194398260575,-6.564149365684891,0.5378299158153507,0.5299141826834175,-0.007915733131933167
graphcast,GraphCast-small 1°,24,t850,K,0.596975750187663,0.5798967558862819,-2.860919274528706,0.9832615451960107,0.9842085479733127,0.0009470027773019751
graphcast,GraphCast-small 1°,72,t850,K,0.9559342594231282,0.9479190804037655,-0.8384655053789491,0.9566737906176034,0.957391895715147,0.0007181050975436643
graphcast,GraphCast-small 1°,120,t850,K,1.5663226407803297,1.564011098995302,-0.1475776270383311,0.8829396101343361,0.88307090226727,0.0001312921329339467
graphcast,GraphCast-small 1°,168,t850,K,2.3303996998225713,2.289463940382515,-1.7565982111640732,0.7404156563989668,0.7396422184236946,-0.0007734379752721843
graphcast,GraphCast-small 1°,240,t850,K,3.3081122878474427,3.0884713378372655,-6.639464773219517,0.4800361841381818,0.46851601802785425,-0.011520166110327523
graphcast,GraphCast-small 1°,24,t2m,K,0.7962498382004124,0.7849975398492502,-1.4131617755293036,0.9491623769070792,0.9506396716047218,0.0014772946976426837
graphcast,GraphCast-small 1°,72,t2m,K,1.0117459155982431,1.0034891369655403,-0.8160921141767696,0.9174316031985955,0.9186351011468291,0.0012034979482336006
graphcast,GraphCast-small 1°,120,t2m,K,1.3893947597125311,1.3859031094096845,-0.251307288906788,0.8444246569195497,0.8446752985928173,0.0002506416732676042
graphcast,GraphCast-small 1°,168,t2m,K,1.8831919657030074,1.860607650347138,-1.1992572062316853,0.7155289963295182,0.7152040125324604,-0.00032498379705780955
graphcast,GraphCast-small 1°,240,t2m,K,2.547087209638304,2.4322905400974157,-4.506978367544379,0.4872687144854518,0.48309624769883935,-0.004172466786612428
graphcast,GraphCast-small 1°,24,u10,m s^-1,0.7850095468467649,0.7703931661617132,-1.8619366788293235,0.9756205323140602,0.9765287242369179,0.0009081919228577373
graphcast,GraphCast-small 1°,72,u10,m s^-1,1.3027919678446458,1.3019520075305457,-0.06447386342807171,0.9318977504977911,0.9319746502391919,7.689974140079325e-05
graphcast,GraphCast-small 1°,120,u10,m s^-1,2.0982038018828404,2.0953115159635125,-0.13784580490858733,0.8210948439895196,0.8209753618224983,-0.00011948216702128978
graphcast,GraphCast-small 1°,168,u10,m s^-1,2.953053719460117,2.8902106313004166,-2.1280712824685577,0.6433686210143207,0.6382101860181034,-0.005158434996217265
graphcast,GraphCast-small 1°,240,u10,m s^-1,3.9025730667905956,3.6452991621513284,-6.59241736762265,0.38328633694309244,0.3595384194992344,-0.02374791744385807
