backbone,display_name,group,raw_macro_nrmse,spherettc_macro_nrmse,macro_nrmse_gain_percent,rmse_improved_cells,rmse_worse_cells,raw_macro_acc,spherettc_macro_acc,acc_improved_cells,params,params_source,gain_24h_percent,gain_72h_percent,gain_120h_percent,gain_168h_percent,gain_240h_percent
convlstm,convlstm,local,0.469846,0.465347,0.9574,237,8,0.360009,0.372161,224,lmax=40 memory=64 half_life=32 strength=1,artifacts/ttc_publication_corrected_20260726/params/convlstm.json,3.5879,0.8612,0.4631,0.4073,0.3749
transformer,transformer,local,0.463809,0.458936,1.0507,207,38,0.388086,0.398785,213,lmax=40 memory=64 half_life=32 strength=1,artifacts/ttc_publication_corrected_20260726/params/transformer.json,4.1905,0.9749,0.4558,0.3900,0.3214
fno,fno,local,0.442742,0.440323,0.5465,215,22,0.442450,0.451486,200,lmax=40 memory=64 half_life=32 strength=1,artifacts/ttc_publication_corrected_20260726/params/fno.json,1.6515,0.5030,0.3662,0.3124,0.2968
vit,vit,local,0.447688,0.446486,0.2684,186,54,0.432141,0.436550,193,lmax=40 memory=64 half_life=32 strength=1,artifacts/ttc_publication_corrected_20260726/params/vit.json,1.0436,0.3169,0.1219,0.0903,0.0555
cirt,cirt,local,0.460540,0.460089,0.0979,143,93,0.415620,0.419387,153,lmax=32 memory=32 half_life=16 strength=1,artifacts/ttc_publication_corrected_20260726/params/cirt.json,0.4560,0.1494,0.0704,-0.0029,-0.0989
climode,ClimODE-style adapter,local,0.479848,0.473398,1.3443,223,22,0.367864,0.375879,209,lmax=40 memory=64 half_life=32 strength=1,artifacts/ttc_publication_corrected_20260726/params/climode.json,5.4341,1.6990,0.3538,0.3960,0.2605
fourcastnetv2,fourcastnetv2,official,0.450009,0.360814,19.8206,245,0,0.688207,0.697208,180,lmax=24 memory=64 half_life=32 strength=1,artifacts/ttc_publication_corrected_20260726/params/fourcastnetv2.json,30.9093,24.1028,18.1440,16.4111,16.9635
oneforecast,oneforecast,official,0.312038,0.299379,4.0568,245,0,0.773969,0.773594,172,lmax=24 memory=64 half_life=32 strength=1,artifacts/ttc_publication_corrected_20260726/params/oneforecast.json,2.6523,1.1476,1.2622,3.2562,7.4973
fuxi,fuxi,official,0.325329,0.293461,9.7955,226,13,0.791222,0.796508,203,lmax=24 memory=64 half_life=32 strength=1,artifacts/ttc_publication_corrected_20260726/params/fuxi.json,12.7032,11.9112,9.7054,9.0455,8.6386
pangu,pangu,official,0.298287,0.287265,3.6951,243,2,0.788941,0.788252,170,lmax=24 memory=64 half_life=32 strength=1,artifacts/ttc_publication_corrected_20260726/params/pangu.json,3.0683,1.1676,1.0327,2.7041,6.8275
graphcast,GraphCast-small 1°,official,0.291722,0.278398,4.5673,237,2,0.798825,0.800367,218,lmax=64 memory=64 half_life=32 strength=0.8,artifacts/graphcast_spherettc_20260804/schedule/configs/generated/l64_s08.json,3.3514,0.5777,0.9524,3.6768,8.7553
